datetime,symbol,open,high,low,close,volume
2025-07-03 14:30:00,NYSE:TGT,105.75,105.77,105.75,105.77,39.0
2025-07-03 14:45:00,NYSE:TGT,105.78,105.78,105.78,105.78,10.0
2025-07-03 15:00:00,NYSE:TGT,105.78,105.9,105.66,105.8,401.0
2025-07-03 15:15:00,NYSE:TGT,105.85,105.88,105.8,105.8,237.0
2025-07-03 15:30:00,NYSE:TGT,105.9,106.1,105.9,105.99,1308.0
2025-07-03 15:45:00,NYSE:TGT,105.81,105.95,105.66,105.87,330.0
2025-07-03 16:00:00,NYSE:TGT,105.9,106.0,105.9,105.99,108.0
2025-07-03 16:15:00,NYSE:TGT,105.91,105.91,105.9,105.9,1964.0
2025-07-03 16:30:00,NYSE:TGT,105.85,105.92,105.03,105.15,15397.0
2025-07-03 16:45:00,NYSE:TGT,105.11,105.36,104.95,105.015,15778.0
2025-07-03 17:00:00,NYSE:TGT,104.92,105.31,104.78,104.89,18696.0
2025-07-03 17:15:00,NYSE:TGT,104.89,104.89,104.4,104.4,18120.0
2025-07-03 17:30:00,NYSE:TGT,104.41,104.72,104.12,104.7,15405.0
2025-07-03 17:45:00,NYSE:TGT,104.75,104.81,104.33,104.48,12140.0
2025-07-03 18:00:00,NYSE:TGT,104.44,104.5,104.27,104.35,11849.0
2025-07-03 18:15:00,NYSE:TGT,104.35,104.43,104.145,104.34,13178.0
2025-07-03 18:30:00,NYSE:TGT,104.34,104.8,104.33,104.665,34477.0
2025-07-03 18:45:00,NYSE:TGT,104.63,104.75,104.46,104.73,8256.0
2025-07-03 19:00:00,NYSE:TGT,104.71,104.73,104.51,104.58,8127.0
2025-07-03 19:15:00,NYSE:TGT,104.585,104.585,104.23,104.24,19335.0
2025-07-03 19:30:00,NYSE:TGT,104.24,104.36,104.12,104.35,20132.0
2025-07-03 19:45:00,NYSE:TGT,104.35,104.55,104.05,104.16,39757.0
2025-07-03 20:00:00,NYSE:TGT,104.06,104.06,104.06,104.06,5.0
2025-07-03 20:15:00,NYSE:TGT,104.14,104.14,104.13,104.13,153.0
2025-07-03 20:30:00,NYSE:TGT,104.2,104.2,104.2,104.2,200.0
2025-07-03 20:45:00,NYSE:TGT,104.13,104.23,104.13,104.15,3.0
2025-07-03 21:00:00,NYSE:TGT,104.15,104.15,104.15,104.15,126.0
2025-07-03 21:15:00,NYSE:TGT,104.12,104.15,104.12,104.15,13.0
2025-07-03 21:30:00,NYSE:TGT,104.12,104.12,104.12,104.12,15.0
2025-07-03 21:45:00,NYSE:TGT,104.16,104.16,104.16,104.16,5.0
2025-07-03 22:15:00,NYSE:TGT,104.19,104.19,104.19,104.19,1.0
2025-07-03 22:30:00,NYSE:TGT,104.19,104.2,104.19,104.2,13.0
2025-07-03 22:45:00,NYSE:TGT,104.15,104.15,104.12,104.12,35.0
2025-07-03 23:00:00,NYSE:TGT,104.12,104.12,104.1,104.11,18.0
2025-07-03 23:15:00,NYSE:TGT,104.15,104.15,104.1,104.1,6.0
2025-07-03 23:30:00,NYSE:TGT,104.1,104.11,104.1,104.11,11.0
2025-07-03 23:45:00,NYSE:TGT,104.1,104.1,104.1,104.1,143.0
2025-07-07 11:00:00,NYSE:TGT,104.8,104.8,103.95,103.95,112.0
2025-07-07 11:15:00,NYSE:TGT,103.62,103.62,103.62,103.62,6.0
2025-07-07 11:30:00,NYSE:TGT,103.62,103.62,103.61,103.61,123.0
2025-07-07 13:00:00,NYSE:TGT,104.01,104.04,104.01,104.04,2.0
2025-07-07 13:45:00,NYSE:TGT,104.04,104.04,104.0,104.0,89.0
2025-07-07 14:00:00,NYSE:TGT,104.11,104.11,104.0,104.01,249.0
2025-07-07 14:15:00,NYSE:TGT,104.03,104.03,103.89,103.89,46.0
2025-07-07 14:30:00,NYSE:TGT,103.99,104.01,103.99,104.01,7.0
2025-07-07 14:45:00,NYSE:TGT,103.9,104.0,103.8,104.0,12.0
2025-07-07 15:00:00,NYSE:TGT,104.1,104.1,104.06,104.06,3.0
2025-07-07 15:15:00,NYSE:TGT,104.01,104.01,104.0,104.0,70.0
2025-07-07 16:00:00,NYSE:TGT,103.9,103.9,103.7,103.7,206.0
2025-07-07 16:15:00,NYSE:TGT,103.77,103.77,103.09,103.09,1462.0
2025-07-07 16:30:00,NYSE:TGT,103.17,103.38,102.31,102.945,31205.0
2025-07-07 16:45:00,NYSE:TGT,102.955,103.23,102.51,103.21,16486.0
2025-07-07 17:00:00,NYSE:TGT,103.17,103.33,102.87,102.94,14246.0
2025-07-07 17:15:00,NYSE:TGT,102.94,103.03,102.42,102.44,25022.0
2025-07-07 17:30:00,NYSE:TGT,102.48,102.52,101.75,102.15,25490.0
2025-07-07 17:45:00,NYSE:TGT,102.15,102.24,101.57,101.82,18911.0
2025-07-07 18:00:00,NYSE:TGT,101.84,101.91,101.31,101.33,13641.0
2025-07-07 18:15:00,NYSE:TGT,101.31,101.435,101.08,101.08,11345.0
2025-07-07 18:30:00,NYSE:TGT,101.09,101.29,101.05,101.05,8754.0
2025-07-07 18:45:00,NYSE:TGT,101.05,101.22,100.91,101.19,8321.0
2025-07-07 19:00:00,NYSE:TGT,101.185,101.47,101.15,101.3,7118.0
2025-07-07 19:15:00,NYSE:TGT,101.3,101.38,100.73,101.16,14096.0
2025-07-07 19:30:00,NYSE:TGT,101.16,101.34,101.12,101.34,6677.0
2025-07-07 19:45:00,NYSE:TGT,101.33,101.36,101.18,101.18,5553.0
2025-07-07 20:00:00,NYSE:TGT,101.22,101.58,101.22,101.57,5618.0
2025-07-07 20:15:00,NYSE:TGT,101.56,101.74,101.52,101.61,6248.0
2025-07-07 20:30:00,NYSE:TGT,101.62,101.84,101.38,101.48,6714.0
2025-07-07 20:45:00,NYSE:TGT,101.49,101.57,101.32,101.49,5638.0
2025-07-07 21:00:00,NYSE:TGT,101.47,101.63,101.47,101.53,3849.0
2025-07-07 21:15:00,NYSE:TGT,101.5,101.51,100.93,101.04,8075.0
2025-07-07 21:30:00,NYSE:TGT,101.06,101.5,100.95,101.5,11815.0
2025-07-07 21:45:00,NYSE:TGT,101.5,101.67,101.36,101.67,10657.0
2025-07-07 22:00:00,NYSE:TGT,101.65,101.75,101.59,101.71,9703.0
2025-07-07 22:15:00,NYSE:TGT,101.7,101.84,101.29,101.29,10094.0
2025-07-07 22:30:00,NYSE:TGT,101.3,101.43,101.25,101.43,22845.0
2025-07-07 22:45:00,NYSE:TGT,101.45,101.8,101.34,101.62,57256.0
2025-07-07 23:00:00,NYSE:TGT,101.62,101.62,101.36,101.36,78.0
2025-07-07 23:15:00,NYSE:TGT,101.59,101.59,101.59,101.59,11.0
2025-07-07 23:45:00,NYSE:TGT,101.42,101.42,101.4,101.4,84.0
2025-07-08 00:00:00,NYSE:TGT,101.39,101.39,101.39,101.39,1.0
2025-07-08 00:15:00,NYSE:TGT,101.33,101.33,101.33,101.33,2.0
2025-07-08 00:30:00,NYSE:TGT,101.33,101.33,101.32,101.32,68.0
2025-07-08 01:15:00,NYSE:TGT,101.49,101.5,101.49,101.5,13.0
2025-07-08 02:15:00,NYSE:TGT,101.51,101.51,101.51,101.51,40.0
2025-07-08 02:30:00,NYSE:TGT,101.5,101.5,101.5,101.5,36.0
2025-07-08 11:00:00,NYSE:TGT,101.73,101.98,101.65,101.98,46.0
2025-07-08 11:15:00,NYSE:TGT,101.62,101.62,101.54,101.54,250.0
2025-07-08 11:45:00,NYSE:TGT,102.09,102.09,102.09,102.09,68.0
2025-07-08 12:00:00,NYSE:TGT,102.09,102.09,102.09,102.09,41.0
2025-07-08 13:00:00,NYSE:TGT,101.81,101.81,101.81,101.81,5.0
2025-07-08 13:15:00,NYSE:TGT,101.9,101.9,101.9,101.9,5.0
2025-07-08 13:45:00,NYSE:TGT,102.1,102.1,102.1,102.1,50.0
2025-07-08 14:00:00,NYSE:TGT,101.84,102.15,101.84,102.0,74.0
2025-07-08 14:15:00,NYSE:TGT,102.0,102.0,101.91,101.91,35.0
2025-07-08 14:30:00,NYSE:TGT,101.91,101.99,101.91,101.99,89.0
2025-07-08 14:45:00,NYSE:TGT,101.93,101.93,101.91,101.91,39.0
2025-07-08 15:00:00,NYSE:TGT,101.94,102.08,101.81,102.08,487.0
2025-07-08 15:30:00,NYSE:TGT,102.07,102.07,102.07,102.07,13.0
2025-07-08 15:45:00,NYSE:TGT,101.9,101.9,101.9,101.9,5.0
2025-07-08 16:00:00,NYSE:TGT,101.95,102.08,101.95,102.08,5.0
2025-07-08 16:15:00,NYSE:TGT,102.0,102.0,101.7,101.7,58.0
2025-07-08 16:30:00,NYSE:TGT,101.67,102.16,101.18,101.755,16866.0
2025-07-08 16:45:00,NYSE:TGT,101.72,101.91,101.25,101.275,10150.0
2025-07-08 17:00:00,NYSE:TGT,101.26,101.29,100.59,101.08,22433.0
2025-07-08 17:15:00,NYSE:TGT,101.09,101.52,101.08,101.48,15310.0
2025-07-08 17:30:00,NYSE:TGT,101.5,101.92,101.47,101.52,15448.0
2025-07-08 17:45:00,NYSE:TGT,101.49,101.57,101.0,101.57,16334.0
2025-07-08 18:00:00,NYSE:TGT,101.57,102.0,101.41,101.88,35628.0
2025-07-08 18:15:00,NYSE:TGT,101.87,101.95,100.99,101.155,22089.0
2025-07-08 18:30:00,NYSE:TGT,101.2,101.48,101.05,101.36,8748.0
2025-07-08 18:45:00,NYSE:TGT,101.39,101.95,101.37,101.66,10738.0
2025-07-08 19:00:00,NYSE:TGT,101.66,101.97,101.66,101.86,10332.0
2025-07-08 19:15:00,NYSE:TGT,101.89,102.26,101.8,102.17,11948.0
2025-07-08 19:30:00,NYSE:TGT,102.18,102.28,101.88,101.89,8135.0
2025-07-08 19:45:00,NYSE:TGT,101.83,101.85,101.37,101.45,5306.0
2025-07-08 20:00:00,NYSE:TGT,101.47,101.51,101.28,101.405,5893.0
2025-07-08 20:15:00,NYSE:TGT,101.39,101.44,101.2,101.38,6977.0
2025-07-08 20:30:00,NYSE:TGT,101.42,101.56,101.26,101.53,6677.0
2025-07-08 20:45:00,NYSE:TGT,101.52,101.77,101.52,101.74,6371.0
2025-07-08 21:00:00,NYSE:TGT,101.73,101.83,101.69,101.79,4158.0
2025-07-08 21:15:00,NYSE:TGT,101.79,102.07,101.775,101.88,5138.0
2025-07-08 21:30:00,NYSE:TGT,101.89,102.2,101.82,101.85,8665.0
2025-07-08 21:45:00,NYSE:TGT,101.86,102.15,101.86,102.03,11165.0
2025-07-08 22:00:00,NYSE:TGT,102.02,102.23,102.0,102.08,7153.0
2025-07-08 22:15:00,NYSE:TGT,102.08,102.46,102.03,102.4,9935.0
2025-07-08 22:30:00,NYSE:TGT,102.4,102.46,102.26,102.29,14961.0
2025-07-08 22:45:00,NYSE:TGT,102.29,102.37,102.0,102.01,44573.0
2025-07-08 23:30:00,NYSE:TGT,102.14,102.14,102.12,102.13,20.0
2025-07-08 23:45:00,NYSE:TGT,102.13,102.2,102.12,102.2,27.0
2025-07-09 00:15:00,NYSE:TGT,102.29,102.29,102.29,102.29,8.0
2025-07-09 00:45:00,NYSE:TGT,102.19,102.2,102.0,102.0,132.0
2025-07-09 01:00:00,NYSE:TGT,101.98,101.98,101.98,101.98,94.0
2025-07-09 01:15:00,NYSE:TGT,102.29,102.29,102.29,102.29,1.0
2025-07-09 01:30:00,NYSE:TGT,102.2,102.2,102.2,102.2,1.0
2025-07-09 01:45:00,NYSE:TGT,102.2,102.29,102.08,102.29,11.0
2025-07-09 02:30:00,NYSE:TGT,102.07,102.07,102.07,102.07,100.0
2025-07-09 02:45:00,NYSE:TGT,102.15,102.15,102.15,102.15,13.0
2025-07-09 11:00:00,NYSE:TGT,102.2,102.2,102.2,102.2,8.0
2025-07-09 11:30:00,NYSE:TGT,101.9,101.92,101.9,101.92,4.0
2025-07-09 12:15:00,NYSE:TGT,102.28,102.28,102.28,102.28,1.0
2025-07-09 12:30:00,NYSE:TGT,102.05,102.18,102.05,102.18,31.0
2025-07-09 13:00:00,NYSE:TGT,102.0,102.0,102.0,102.0,14.0
2025-07-09 13:30:00,NYSE:TGT,102.03,102.03,102.03,102.03,5.0
2025-07-09 13:45:00,NYSE:TGT,101.96,102.01,101.96,102.01,2.0
2025-07-09 14:00:00,NYSE:TGT,102.01,102.18,102.01,102.18,104.0
2025-07-09 14:15:00,NYSE:TGT,102.19,102.19,102.19,102.19,24.0
2025-07-09 14:30:00,NYSE:TGT,102.2,102.2,102.2,102.2,5.0
2025-07-09 14:45:00,NYSE:TGT,102.2,102.2,102.2,102.2,55.0
2025-07-09 15:15:00,NYSE:TGT,102.3,102.3,102.3,102.3,25.0
2025-07-09 15:30:00,NYSE:TGT,102.3,102.3,102.3,102.3,50.0
2025-07-09 16:00:00,NYSE:TGT,102.3,102.3,102.3,102.3,10.0
2025-07-09 16:15:00,NYSE:TGT,102.3,102.64,102.3,102.64,605.0
2025-07-09 16:30:00,NYSE:TGT,102.5,103.15,102.18,102.85,18759.0
2025-07-09 16:45:00,NYSE:TGT,102.8,103.19,102.69,102.92,22406.0
2025-07-09 17:00:00,NYSE:TGT,102.94,103.33,102.81,102.94,11814.0
2025-07-09 17:15:00,NYSE:TGT,102.91,102.97,102.5,102.52,7674.0
2025-07-09 17:30:00,NYSE:TGT,102.5,102.5,102.14,102.2,9332.0
2025-07-09 17:45:00,NYSE:TGT,102.22,102.38,101.82,101.97,13603.0
2025-07-09 18:00:00,NYSE:TGT,101.965,102.18,101.85,101.94,9711.0
2025-07-09 18:15:00,NYSE:TGT,101.91,101.99,101.79,101.99,4997.0
2025-07-09 18:30:00,NYSE:TGT,101.99,102.34,101.98,102.27,4982.0
2025-07-09 18:45:00,NYSE:TGT,102.28,102.4,102.09,102.36,4259.0
2025-07-09 19:00:00,NYSE:TGT,102.34,102.605,102.34,102.58,4139.0
2025-07-09 19:15:00,NYSE:TGT,102.58,102.61,102.24,102.24,6822.0
2025-07-09 19:30:00,NYSE:TGT,102.25,102.42,102.25,102.34,3200.0
2025-07-09 19:45:00,NYSE:TGT,102.31,102.45,102.16,102.42,6293.0
2025-07-09 20:00:00,NYSE:TGT,102.42,102.52,102.32,102.51,6689.0
2025-07-09 20:15:00,NYSE:TGT,102.515,102.62,102.35,102.35,4123.0
2025-07-09 20:30:00,NYSE:TGT,102.37,102.4,102.18,102.29,3796.0
2025-07-09 20:45:00,NYSE:TGT,102.3,102.35,101.94,102.26,13947.0
2025-07-09 21:00:00,NYSE:TGT,102.3,102.5,102.27,102.38,5539.0
2025-07-09 21:15:00,NYSE:TGT,102.38,102.4,102.12,102.13,7002.0
2025-07-09 21:30:00,NYSE:TGT,102.15,102.32,102.15,102.24,6252.0
2025-07-09 21:45:00,NYSE:TGT,102.24,102.36,102.2,102.32,6946.0
2025-07-09 22:00:00,NYSE:TGT,102.32,102.46,102.24,102.24,18270.0
2025-07-09 22:15:00,NYSE:TGT,102.23,102.59,102.21,102.56,12359.0
2025-07-09 22:30:00,NYSE:TGT,102.56,102.65,102.45,102.58,11161.0
2025-07-09 22:45:00,NYSE:TGT,102.57,102.75,102.43,102.43,35983.0
2025-07-09 23:00:00,NYSE:TGT,102.44,102.45,102.44,102.45,20.0
2025-07-09 23:15:00,NYSE:TGT,102.48,102.48,102.48,102.48,2.0
2025-07-09 23:30:00,NYSE:TGT,102.51,102.51,102.51,102.51,1.0
2025-07-09 23:45:00,NYSE:TGT,102.51,102.51,102.5,102.51,514.0
2025-07-10 00:00:00,NYSE:TGT,102.51,102.51,102.51,102.51,15.0
2025-07-10 00:15:00,NYSE:TGT,102.51,102.51,102.51,102.51,42.0
2025-07-10 00:30:00,NYSE:TGT,102.51,102.51,102.51,102.51,100.0
2025-07-10 00:45:00,NYSE:TGT,102.52,102.52,102.51,102.51,21.0
2025-07-10 01:00:00,NYSE:TGT,102.51,102.51,102.5,102.5,261.0
2025-07-10 02:00:00,NYSE:TGT,102.62,102.62,102.62,102.62,10.0
2025-07-10 02:15:00,NYSE:TGT,102.62,102.62,102.62,102.62,81.0
2025-07-10 02:30:00,NYSE:TGT,102.56,102.84,102.56,102.84,179.0
2025-07-10 11:00:00,NYSE:TGT,102.6,102.6,102.5,102.5,28.0
2025-07-10 12:30:00,NYSE:TGT,102.28,102.4,102.27,102.4,146.0
2025-07-10 12:45:00,NYSE:TGT,102.49,102.49,102.49,102.49,48.0
2025-07-10 13:30:00,NYSE:TGT,102.5,102.5,102.26,102.49,27.0
2025-07-10 14:00:00,NYSE:TGT,102.49,102.49,102.49,102.49,26.0
2025-07-10 14:15:00,NYSE:TGT,102.51,102.51,102.5,102.5,8.0
2025-07-10 15:15:00,NYSE:TGT,102.65,102.65,102.65,102.65,11.0
2025-07-10 15:30:00,NYSE:TGT,102.58,102.58,102.58,102.58,2.0
2025-07-10 15:45:00,NYSE:TGT,102.56,102.56,102.56,102.56,1.0
2025-07-10 16:00:00,NYSE:TGT,102.5,102.56,102.4,102.56,983.0
2025-07-10 16:15:00,NYSE:TGT,102.62,103.33,102.62,103.08,260.0
2025-07-10 16:30:00,NYSE:TGT,103.0,103.395,102.69,102.98,15919.0
2025-07-10 16:45:00,NYSE:TGT,102.95,104.05,102.88,103.93,22464.0
2025-07-10 17:00:00,NYSE:TGT,103.98,104.73,103.98,104.67,28443.0
2025-07-10 17:15:00,NYSE:TGT,104.69,105.69,104.62,105.54,39403.0
2025-07-10 17:30:00,NYSE:TGT,105.52,105.91,105.35,105.78,16904.0
2025-07-10 17:45:00,NYSE:TGT,105.79,105.79,105.38,105.5,7131.0
2025-07-10 18:00:00,NYSE:TGT,105.5,106.14,105.47,106.08,29604.0
2025-07-10 18:15:00,NYSE:TGT,106.07,106.08,105.43,105.45,12925.0
2025-07-10 18:30:00,NYSE:TGT,105.45,105.5,105.265,105.4,7120.0
2025-07-10 18:45:00,NYSE:TGT,105.41,105.41,105.21,105.29,6538.0
2025-07-10 19:00:00,NYSE:TGT,105.25,105.81,105.24,105.66,23629.0
2025-07-10 19:15:00,NYSE:TGT,105.69,105.79,105.54,105.71,12284.0
2025-07-10 19:30:00,NYSE:TGT,105.66,106.04,105.65,105.92,7122.0
2025-07-10 19:45:00,NYSE:TGT,105.95,106.04,105.82,105.87,9579.0
2025-07-10 20:00:00,NYSE:TGT,105.85,106.0,105.81,105.95,5380.0
2025-07-10 20:15:00,NYSE:TGT,105.97,106.15,105.96,106.05,8281.0
2025-07-10 20:30:00,NYSE:TGT,106.05,106.29,106.0,106.24,19154.0
2025-07-10 20:45:00,NYSE:TGT,106.23,106.37,106.02,106.08,8523.0
2025-07-10 21:00:00,NYSE:TGT,106.07,106.18,105.95,106.14,7313.0
2025-07-10 21:15:00,NYSE:TGT,106.15,106.25,106.11,106.16,5143.0
2025-07-10 21:30:00,NYSE:TGT,106.16,106.17,105.715,105.88,5939.0
2025-07-10 21:45:00,NYSE:TGT,105.88,105.93,105.52,105.63,5849.0
2025-07-10 22:00:00,NYSE:TGT,105.61,105.67,105.51,105.67,8207.0
2025-07-10 22:15:00,NYSE:TGT,105.68,105.76,105.21,105.32,14051.0
2025-07-10 22:30:00,NYSE:TGT,105.32,105.36,105.18,105.35,15291.0
2025-07-10 22:45:00,NYSE:TGT,105.34,105.39,104.77,104.78,55445.0
2025-07-10 23:15:00,NYSE:TGT,104.94,104.96,104.78,104.88,298.0
2025-07-10 23:45:00,NYSE:TGT,104.78,104.78,104.74,104.74,125.0
2025-07-11 00:30:00,NYSE:TGT,104.89,105.23,104.89,105.23,222.0
2025-07-11 00:45:00,NYSE:TGT,105.2,105.35,105.15,105.35,230.0
2025-07-11 01:15:00,NYSE:TGT,105.21,105.21,105.2,105.2,144.0
2025-07-11 01:30:00,NYSE:TGT,105.16,105.2,105.15,105.2,674.0
2025-07-11 01:45:00,NYSE:TGT,105.2,105.2,105.08,105.08,729.0
2025-07-11 02:15:00,NYSE:TGT,105.1,105.1,105.1,105.1,9.0
2025-07-11 02:30:00,NYSE:TGT,105.1,105.1,105.1,105.1,71.0
2025-07-11 11:00:00,NYSE:TGT,105.2,105.2,104.38,104.38,461.0
2025-07-11 11:15:00,NYSE:TGT,104.7,104.7,104.36,104.36,55.0
2025-07-11 11:30:00,NYSE:TGT,104.35,104.35,104.33,104.33,145.0
2025-07-11 11:45:00,NYSE:TGT,104.57,104.57,104.57,104.57,2.0
2025-07-11 12:15:00,NYSE:TGT,104.31,104.31,104.0,104.04,746.0
2025-07-11 13:30:00,NYSE:TGT,104.52,104.52,104.52,104.52,1.0
2025-07-11 13:45:00,NYSE:TGT,104.06,104.06,104.05,104.05,15.0
2025-07-11 14:00:00,NYSE:TGT,104.52,104.52,104.05,104.15,593.0
2025-07-11 14:15:00,NYSE:TGT,104.29,104.35,104.26,104.35,289.0
2025-07-11 14:30:00,NYSE:TGT,104.37,104.4,104.35,104.4,11.0
2025-07-11 15:00:00,NYSE:TGT,104.45,104.45,104.45,104.45,100.0
2025-07-11 15:15:00,NYSE:TGT,104.25,104.25,104.25,104.25,52.0
2025-07-11 15:45:00,NYSE:TGT,104.27,104.27,104.15,104.15,353.0
2025-07-11 16:15:00,NYSE:TGT,104.25,104.3,104.24,104.24,624.0
2025-07-11 16:30:00,NYSE:TGT,104.165,104.32,103.17,103.9,14127.0
2025-07-11 16:45:00,NYSE:TGT,103.89,104.13,103.82,103.99,13679.0
2025-07-11 17:00:00,NYSE:TGT,103.95,104.06,103.6,103.7,9141.0
2025-07-11 17:15:00,NYSE:TGT,103.72,104.02,103.7,103.945,6988.0
2025-07-11 17:30:00,NYSE:TGT,103.98,104.3,103.95,104.2,15148.0
2025-07-11 17:45:00,NYSE:TGT,104.16,104.19,103.89,104.02,5560.0
2025-07-11 18:00:00,NYSE:TGT,104.0,104.19,103.81,103.94,10651.0
2025-07-11 18:15:00,NYSE:TGT,103.91,104.48,103.91,104.38,14979.0
2025-07-11 18:30:00,NYSE:TGT,104.36,104.58,104.36,104.51,5325.0
2025-07-11 18:45:00,NYSE:TGT,104.52,104.59,104.42,104.47,4775.0
2025-07-11 19:00:00,NYSE:TGT,104.47,104.7,104.34,104.37,11218.0
2025-07-11 19:15:00,NYSE:TGT,104.37,104.53,104.26,104.35,11047.0
2025-07-11 19:30:00,NYSE:TGT,104.3,104.57,104.23,104.46,5876.0
2025-07-11 19:45:00,NYSE:TGT,104.48,104.78,104.48,104.78,11841.0
2025-07-11 20:00:00,NYSE:TGT,104.77,104.91,104.66,104.9,11269.0
2025-07-11 20:15:00,NYSE:TGT,104.91,105.01,104.69,104.99,17702.0
2025-07-11 20:30:00,NYSE:TGT,104.97,105.04,104.75,104.77,12611.0
2025-07-11 20:45:00,NYSE:TGT,104.77,104.77,104.43,104.445,10522.0
2025-07-11 21:00:00,NYSE:TGT,104.45,104.47,104.18,104.19,4852.0
2025-07-11 21:15:00,NYSE:TGT,104.18,104.18,104.06,104.18,6198.0
2025-07-11 21:30:00,NYSE:TGT,104.15,104.64,104.13,104.64,5520.0
2025-07-11 21:45:00,NYSE:TGT,104.65,104.75,104.55,104.69,7535.0
2025-07-11 22:00:00,NYSE:TGT,104.68,104.68,104.28,104.515,5987.0
2025-07-11 22:15:00,NYSE:TGT,104.51,104.73,104.5,104.69,5372.0
2025-07-11 22:30:00,NYSE:TGT,104.68,104.76,104.53,104.57,10475.0
2025-07-11 22:45:00,NYSE:TGT,104.565,104.595,104.24,104.245,30479.0
2025-07-11 23:00:00,NYSE:TGT,104.17,104.21,104.11,104.11,16.0
2025-07-11 23:15:00,NYSE:TGT,104.22,104.22,104.22,104.22,2.0
2025-07-11 23:30:00,NYSE:TGT,104.215,104.215,104.215,104.215,1.0
2025-07-11 23:45:00,NYSE:TGT,104.5,104.5,104.5,104.5,2.0
2025-07-12 00:00:00,NYSE:TGT,104.33,104.33,104.33,104.33,4.0
2025-07-12 00:15:00,NYSE:TGT,104.33,104.33,104.3,104.3,116.0
2025-07-12 00:30:00,NYSE:TGT,104.5,104.5,104.27,104.27,52.0
2025-07-12 01:15:00,NYSE:TGT,104.24,104.24,104.24,104.24,51.0
2025-07-12 01:30:00,NYSE:TGT,104.5,104.5,104.5,104.5,1.0
2025-07-12 02:30:00,NYSE:TGT,104.48,104.48,104.48,104.48,5.0
2025-07-14 11:00:00,NYSE:TGT,104.03,104.03,103.61,103.61,239.0
2025-07-14 11:30:00,NYSE:TGT,103.61,103.96,103.42,103.96,206.0
2025-07-14 12:00:00,NYSE:TGT,103.75,103.75,103.59,103.6,92.0
2025-07-14 12:15:00,NYSE:TGT,103.41,103.9,103.41,103.9,71.0
2025-07-14 12:30:00,NYSE:TGT,103.9,103.95,103.9,103.95,6.0
2025-07-14 12:45:00,NYSE:TGT,103.9,103.9,103.9,103.9,5.0
2025-07-14 13:00:00,NYSE:TGT,103.9,103.9,103.9,103.9,1.0
2025-07-14 13:45:00,NYSE:TGT,103.7,103.7,103.4,103.4,25.0
2025-07-14 14:00:00,NYSE:TGT,103.91,103.91,103.9,103.9,69.0
2025-07-14 14:15:00,NYSE:TGT,103.9,103.9,103.9,103.9,3.0
2025-07-14 14:30:00,NYSE:TGT,103.83,103.83,103.83,103.83,16.0
2025-07-14 14:45:00,NYSE:TGT,103.89,104.2,103.89,104.2,155.0
2025-07-14 15:15:00,NYSE:TGT,104.01,104.01,104.01,104.01,2.0
2025-07-14 15:30:00,NYSE:TGT,104.15,104.15,104.15,104.15,125.0
2025-07-14 15:45:00,NYSE:TGT,104.0,104.01,104.0,104.01,167.0
2025-07-14 16:15:00,NYSE:TGT,104.11,104.21,104.02,104.02,109.0
2025-07-14 16:30:00,NYSE:TGT,104.07,104.29,103.4,103.79,11377.0
2025-07-14 16:45:00,NYSE:TGT,103.83,104.2,103.33,103.4,18443.0
2025-07-14 17:00:00,NYSE:TGT,103.39,103.84,103.3,103.64,8934.0
2025-07-14 17:15:00,NYSE:TGT,103.6,103.75,103.2,103.25,10148.0
2025-07-14 17:30:00,NYSE:TGT,103.3,104.28,103.3,104.1,12671.0
2025-07-14 17:45:00,NYSE:TGT,104.1,104.25,103.8,104.17,10431.0
2025-07-14 18:00:00,NYSE:TGT,104.13,104.32,104.0,104.11,8624.0
2025-07-14 18:15:00,NYSE:TGT,104.13,104.71,103.89,104.52,10519.0
2025-07-14 18:30:00,NYSE:TGT,104.51,104.98,104.47,104.98,12144.0
2025-07-14 18:45:00,NYSE:TGT,104.99,105.0,104.63,104.73,4931.0
2025-07-14 19:00:00,NYSE:TGT,104.76,105.0,104.51,104.69,8249.0
2025-07-14 19:15:00,NYSE:TGT,104.66,104.82,104.65,104.74,8716.0
2025-07-14 19:30:00,NYSE:TGT,104.81,104.81,104.51,104.71,5484.0
2025-07-14 19:45:00,NYSE:TGT,104.7,104.94,104.62,104.92,4282.0
2025-07-14 20:00:00,NYSE:TGT,104.88,104.99,104.75,104.94,9585.0
2025-07-14 20:15:00,NYSE:TGT,104.91,104.91,104.45,104.62,7125.0
2025-07-14 20:30:00,NYSE:TGT,104.64,104.77,104.58,104.72,4003.0
2025-07-14 20:45:00,NYSE:TGT,104.755,104.88,104.67,104.67,6927.0
2025-07-14 21:00:00,NYSE:TGT,104.63,104.8,104.41,104.42,5851.0
2025-07-14 21:15:00,NYSE:TGT,104.415,104.62,104.415,104.53,5756.0
2025-07-14 21:30:00,NYSE:TGT,104.56,104.73,104.55,104.71,4666.0
2025-07-14 21:45:00,NYSE:TGT,104.71,104.8,104.54,104.71,10164.0
2025-07-14 22:00:00,NYSE:TGT,104.72,104.77,104.52,104.7,14462.0
2025-07-14 22:15:00,NYSE:TGT,104.68,104.845,104.56,104.65,14504.0
2025-07-14 22:30:00,NYSE:TGT,104.65,104.7,104.53,104.595,8218.0
2025-07-14 22:45:00,NYSE:TGT,104.57,105.0,104.5,104.88,41981.0
2025-07-14 23:00:00,NYSE:TGT,104.38,104.78,104.38,104.73,27.0
2025-07-14 23:45:00,NYSE:TGT,104.87,104.87,104.87,104.87,1.0
2025-07-15 00:15:00,NYSE:TGT,104.85,104.85,104.8,104.8,3.0
2025-07-15 00:45:00,NYSE:TGT,104.82,104.82,104.81,104.81,5.0
2025-07-15 01:15:00,NYSE:TGT,104.85,104.85,104.85,104.85,53.0
2025-07-15 02:00:00,NYSE:TGT,104.86,104.86,104.86,104.86,4.0
2025-07-15 02:45:00,NYSE:TGT,104.8,104.8,104.8,104.8,1.0
2025-07-15 11:00:00,NYSE:TGT,105.1,105.1,104.74,104.86,35.0
2025-07-15 11:30:00,NYSE:TGT,104.74,104.87,104.74,104.87,694.0
2025-07-15 12:00:00,NYSE:TGT,104.8,104.8,104.8,104.8,1.0
2025-07-15 12:15:00,NYSE:TGT,104.8,104.8,104.8,104.8,1.0
2025-07-15 13:00:00,NYSE:TGT,105.0,105.0,105.0,105.0,1.0
2025-07-15 13:15:00,NYSE:TGT,104.78,104.78,104.78,104.78,4.0
2025-07-15 13:45:00,NYSE:TGT,104.78,104.78,104.77,104.77,12.0
2025-07-15 14:00:00,NYSE:TGT,104.77,104.78,104.7,104.78,517.0
2025-07-15 14:30:00,NYSE:TGT,104.77,104.78,104.74,104.74,43.0
2025-07-15 14:45:00,NYSE:TGT,104.72,104.72,104.71,104.71,20.0
2025-07-15 15:00:00,NYSE:TGT,104.71,104.71,104.51,104.51,355.0
2025-07-15 15:15:00,NYSE:TGT,104.54,104.55,104.52,104.55,122.0
2025-07-15 15:30:00,NYSE:TGT,104.78,105.0,104.78,104.93,815.0
2025-07-15 15:45:00,NYSE:TGT,104.94,104.95,104.94,104.95,104.0
2025-07-15 16:15:00,NYSE:TGT,104.81,105.1,104.81,105.1,138.0
2025-07-15 16:30:00,NYSE:TGT,104.99,105.54,104.57,104.57,18084.0
2025-07-15 16:45:00,NYSE:TGT,104.55,104.59,104.1,104.16,9961.0
2025-07-15 17:00:00,NYSE:TGT,104.23,104.85,104.23,104.78,12055.0
2025-07-15 17:15:00,NYSE:TGT,104.76,104.98,103.62,103.65,13490.0
2025-07-15 17:30:00,NYSE:TGT,103.61,103.88,103.41,103.545,15300.0
2025-07-15 17:45:00,NYSE:TGT,103.56,103.75,103.29,103.35,7715.0
2025-07-15 18:00:00,NYSE:TGT,103.35,103.55,103.18,103.45,11479.0
2025-07-15 18:15:00,NYSE:TGT,103.42,103.88,103.38,103.715,7621.0
2025-07-15 18:30:00,NYSE:TGT,103.725,103.78,103.35,103.38,8145.0
2025-07-15 18:45:00,NYSE:TGT,103.36,103.49,103.24,103.34,10607.0
2025-07-15 19:00:00,NYSE:TGT,103.35,103.5,103.09,103.16,5528.0
2025-07-15 19:15:00,NYSE:TGT,103.16,103.33,102.805,102.98,17938.0
2025-07-15 19:30:00,NYSE:TGT,102.99,103.1,102.8,102.91,4827.0
2025-07-15 19:45:00,NYSE:TGT,102.92,102.99,102.58,102.585,6947.0
2025-07-15 20:00:00,NYSE:TGT,102.59,102.64,102.4,102.48,3043.0
2025-07-15 20:15:00,NYSE:TGT,102.47,102.62,102.44,102.61,11610.0
2025-07-15 20:30:00,NYSE:TGT,102.61,102.84,102.59,102.67,11145.0
2025-07-15 20:45:00,NYSE:TGT,102.65,102.71,102.54,102.64,4350.0
2025-07-15 21:00:00,NYSE:TGT,102.63,102.68,102.55,102.65,6380.0
2025-07-15 21:15:00,NYSE:TGT,102.66,102.68,102.44,102.515,8102.0
2025-07-15 21:30:00,NYSE:TGT,102.51,102.655,102.44,102.51,9202.0
2025-07-15 21:45:00,NYSE:TGT,102.53,102.54,102.34,102.44,10805.0
2025-07-15 22:00:00,NYSE:TGT,102.43,102.62,102.43,102.61,8247.0
2025-07-15 22:15:00,NYSE:TGT,102.61,102.89,102.55,102.71,20661.0
2025-07-15 22:30:00,NYSE:TGT,102.74,103.03,102.73,102.94,24156.0
2025-07-15 22:45:00,NYSE:TGT,102.92,103.05,102.2,102.2,68007.0
2025-07-15 23:00:00,NYSE:TGT,102.5,102.5,102.2,102.21,504.0
2025-07-15 23:15:00,NYSE:TGT,102.2,102.2,102.17,102.17,42.0
2025-07-15 23:30:00,NYSE:TGT,102.16,102.19,102.16,102.19,20.0
2025-07-15 23:45:00,NYSE:TGT,102.33,102.35,102.31,102.35,64.0
2025-07-16 00:15:00,NYSE:TGT,102.31,102.31,102.3,102.3,108.0
2025-07-16 00:30:00,NYSE:TGT,102.47,102.47,102.36,102.36,13.0
2025-07-16 00:45:00,NYSE:TGT,102.35,102.35,102.35,102.35,1.0
2025-07-16 01:00:00,NYSE:TGT,102.39,102.39,102.39,102.39,2.0
2025-07-16 01:15:00,NYSE:TGT,102.38,102.38,102.31,102.31,101.0
2025-07-16 01:30:00,NYSE:TGT,102.2,102.2,102.2,102.2,10.0
2025-07-16 01:45:00,NYSE:TGT,102.2,102.2,102.2,102.2,18.0
2025-07-16 02:15:00,NYSE:TGT,102.2,102.2,102.19,102.19,344.0
2025-07-16 02:30:00,NYSE:TGT,102.2,102.25,102.19,102.25,116.0
2025-07-16 11:00:00,NYSE:TGT,102.11,102.25,102.11,102.25,4.0
2025-07-16 11:30:00,NYSE:TGT,102.27,102.27,102.27,102.27,4.0
2025-07-16 12:15:00,NYSE:TGT,102.94,102.94,102.94,102.94,6.0
2025-07-16 12:30:00,NYSE:TGT,102.93,102.93,102.93,102.93,10.0
2025-07-16 12:45:00,NYSE:TGT,102.25,102.25,102.25,102.25,5.0
2025-07-16 13:30:00,NYSE:TGT,102.59,102.59,102.59,102.59,1.0
2025-07-16 13:45:00,NYSE:TGT,102.6,102.6,102.6,102.6,1.0
2025-07-16 14:00:00,NYSE:TGT,102.71,102.94,102.5,102.55,14.0
2025-07-16 14:30:00,NYSE:TGT,102.51,102.51,102.51,102.51,2.0
2025-07-16 15:00:00,NYSE:TGT,102.41,102.6,102.41,102.5,14.0
2025-07-16 15:15:00,NYSE:TGT,102.5,102.7,102.5,102.7,17.0
2025-07-16 15:30:00,NYSE:TGT,102.98,102.98,102.98,102.98,1.0
2025-07-16 15:45:00,NYSE:TGT,102.89,102.89,102.89,102.89,4.0
2025-07-16 16:00:00,NYSE:TGT,102.78,102.78,102.73,102.73,33.0
2025-07-16 16:15:00,NYSE:TGT,102.68,102.68,102.58,102.58,262.0
2025-07-16 16:30:00,NYSE:TGT,102.665,103.35,102.4,102.51,23670.0
2025-07-16 16:45:00,NYSE:TGT,102.52,102.53,101.99,101.99,10579.0
2025-07-16 17:00:00,NYSE:TGT,101.97,102.16,101.62,101.685,10603.0
2025-07-16 17:15:00,NYSE:TGT,101.65,102.14,101.65,101.805,9008.0
2025-07-16 17:30:00,NYSE:TGT,101.84,101.84,101.37,101.57,6015.0
2025-07-16 17:45:00,NYSE:TGT,101.555,101.83,101.275,101.42,12463.0
2025-07-16 18:00:00,NYSE:TGT,101.44,101.51,101.16,101.16,5986.0
2025-07-16 18:15:00,NYSE:TGT,101.2,101.2,100.4,100.88,16039.0
2025-07-16 18:30:00,NYSE:TGT,100.87,100.87,100.44,100.76,9816.0
2025-07-16 18:45:00,NYSE:TGT,100.74,101.195,100.52,101.05,8738.0
2025-07-16 19:00:00,NYSE:TGT,101.02,101.05,100.58,100.63,6886.0
2025-07-16 19:15:00,NYSE:TGT,100.59,100.66,100.36,100.66,9687.0
2025-07-16 19:30:00,NYSE:TGT,100.65,101.05,100.64,100.83,7842.0
2025-07-16 19:45:00,NYSE:TGT,100.82,101.04,100.59,101.03,15127.0
2025-07-16 20:00:00,NYSE:TGT,101.055,101.25,100.97,101.23,5194.0
2025-07-16 20:15:00,NYSE:TGT,101.22,101.44,101.18,101.24,5670.0
2025-07-16 20:30:00,NYSE:TGT,101.2,101.27,101.085,101.2,4481.0
2025-07-16 20:45:00,NYSE:TGT,101.21,101.32,101.19,101.25,4819.0
2025-07-16 21:00:00,NYSE:TGT,101.255,101.49,101.24,101.35,3047.0
2025-07-16 21:15:00,NYSE:TGT,101.37,101.42,101.23,101.35,4149.0
2025-07-16 21:30:00,NYSE:TGT,101.35,101.64,101.35,101.53,9181.0
2025-07-16 21:45:00,NYSE:TGT,101.51,101.68,101.51,101.65,4412.0
2025-07-16 22:00:00,NYSE:TGT,101.65,101.7,101.49,101.61,7986.0
2025-07-16 22:15:00,NYSE:TGT,101.615,101.7,101.52,101.6,7296.0
2025-07-16 22:30:00,NYSE:TGT,101.58,101.67,101.43,101.47,11770.0
2025-07-16 22:45:00,NYSE:TGT,101.47,101.58,101.25,101.37,31395.0
2025-07-16 23:00:00,NYSE:TGT,101.17,101.63,101.17,101.63,71.0
2025-07-16 23:45:00,NYSE:TGT,101.38,101.41,101.38,101.4,258.0
2025-07-17 00:00:00,NYSE:TGT,101.41,101.42,101.41,101.41,69.0
2025-07-17 00:30:00,NYSE:TGT,101.56,101.56,101.56,101.56,1.0
2025-07-17 00:45:00,NYSE:TGT,101.55,101.55,101.55,101.55,1.0
2025-07-17 01:00:00,NYSE:TGT,101.52,101.52,101.4,101.4,2.0
2025-07-17 01:15:00,NYSE:TGT,101.4,101.4,101.4,101.4,1.0
2025-07-17 01:30:00,NYSE:TGT,101.36,101.36,101.36,101.36,34.0
2025-07-17 01:45:00,NYSE:TGT,101.36,101.37,101.35,101.36,106.0
2025-07-17 02:30:00,NYSE:TGT,101.33,101.34,101.33,101.34,52.0
2025-07-17 11:00:00,NYSE:TGT,101.34,101.49,101.34,101.49,136.0
2025-07-17 11:15:00,NYSE:TGT,101.34,101.34,101.34,101.34,41.0
2025-07-17 12:45:00,NYSE:TGT,101.34,101.34,101.34,101.34,1.0
2025-07-17 13:15:00,NYSE:TGT,101.35,101.35,101.24,101.24,7.0
2025-07-17 14:00:00,NYSE:TGT,101.45,101.45,101.45,101.45,2.0
2025-07-17 14:30:00,NYSE:TGT,101.33,101.33,101.33,101.33,3.0
2025-07-17 14:45:00,NYSE:TGT,101.28,101.33,101.23,101.33,81.0
2025-07-17 15:00:00,NYSE:TGT,101.31,101.31,101.18,101.18,10.0
2025-07-17 15:15:00,NYSE:TGT,101.23,101.23,101.04,101.04,36.0
2025-07-17 15:45:00,NYSE:TGT,101.4,101.45,101.4,101.45,228.0
2025-07-17 16:00:00,NYSE:TGT,101.61,101.61,101.61,101.61,5.0
2025-07-17 16:15:00,NYSE:TGT,101.75,101.75,101.75,101.75,18.0
2025-07-17 16:30:00,NYSE:TGT,101.68,102.55,101.68,102.5,7845.0
2025-07-17 16:45:00,NYSE:TGT,102.49,102.98,102.44,102.49,17519.0
2025-07-17 17:00:00,NYSE:TGT,102.5,103.44,102.48,103.16,15200.0
2025-07-17 17:15:00,NYSE:TGT,103.19,103.19,102.6,102.69,15182.0
2025-07-17 17:30:00,NYSE:TGT,102.66,102.83,102.27,102.59,10008.0
2025-07-17 17:45:00,NYSE:TGT,102.595,103.01,102.55,102.72,14929.0
2025-07-17 18:00:00,NYSE:TGT,102.72,103.035,102.71,102.925,12506.0
2025-07-17 18:15:00,NYSE:TGT,102.97,103.11,102.78,103.07,10360.0
2025-07-17 18:30:00,NYSE:TGT,103.09,103.42,103.09,103.35,8385.0
2025-07-17 18:45:00,NYSE:TGT,103.37,103.6,103.2,103.55,10509.0
2025-07-17 19:00:00,NYSE:TGT,103.53,103.61,103.36,103.39,11269.0
2025-07-17 19:15:00,NYSE:TGT,103.4,103.48,103.21,103.33,13428.0
2025-07-17 19:30:00,NYSE:TGT,103.36,103.46,103.15,103.32,8559.0
2025-07-17 19:45:00,NYSE:TGT,103.31,103.37,103.15,103.37,7326.0
2025-07-17 20:00:00,NYSE:TGT,103.36,103.47,103.26,103.39,6900.0
2025-07-17 20:15:00,NYSE:TGT,103.4,103.56,103.25,103.5,7667.0
2025-07-17 20:30:00,NYSE:TGT,103.51,103.76,103.51,103.71,11601.0
2025-07-17 20:45:00,NYSE:TGT,103.73,103.74,103.48,103.57,12328.0
2025-07-17 21:00:00,NYSE:TGT,103.55,103.65,103.37,103.56,6875.0
2025-07-17 21:15:00,NYSE:TGT,103.57,103.74,103.53,103.69,4375.0
2025-07-17 21:30:00,NYSE:TGT,103.7,103.79,103.6,103.65,7662.0
2025-07-17 21:45:00,NYSE:TGT,103.67,103.7,103.58,103.65,7431.0
2025-07-17 22:00:00,NYSE:TGT,103.65,103.94,103.56,103.84,19235.0
2025-07-17 22:15:00,NYSE:TGT,103.84,103.84,103.45,103.51,19293.0
2025-07-17 22:30:00,NYSE:TGT,103.505,103.77,103.43,103.71,13093.0
2025-07-17 22:45:00,NYSE:TGT,103.72,103.86,103.65,103.75,37780.0
2025-07-17 23:00:00,NYSE:TGT,103.65,103.65,103.65,103.65,5.0
2025-07-17 23:15:00,NYSE:TGT,103.74,103.74,103.74,103.74,3.0
2025-07-17 23:45:00,NYSE:TGT,103.69,103.69,103.69,103.69,36.0
2025-07-18 01:15:00,NYSE:TGT,103.84,103.84,103.84,103.84,50.0
2025-07-18 02:15:00,NYSE:TGT,103.84,103.84,103.84,103.84,25.0
2025-07-18 02:45:00,NYSE:TGT,103.71,103.71,103.7,103.7,53.0
2025-07-18 11:00:00,NYSE:TGT,103.94,104.08,103.94,104.08,128.0
2025-07-18 13:00:00,NYSE:TGT,103.81,103.81,103.8,103.8,143.0
2025-07-18 13:15:00,NYSE:TGT,103.87,103.87,103.67,103.67,102.0
2025-07-18 14:00:00,NYSE:TGT,103.85,103.88,103.85,103.88,613.0
2025-07-18 14:30:00,NYSE:TGT,103.87,103.88,103.66,103.66,61.0
2025-07-18 14:45:00,NYSE:TGT,103.78,103.78,103.6,103.6,389.0
2025-07-18 15:00:00,NYSE:TGT,103.62,103.66,103.62,103.65,390.0
2025-07-18 15:15:00,NYSE:TGT,103.79,103.81,103.37,103.44,1448.0
2025-07-18 15:30:00,NYSE:TGT,103.44,103.6,103.37,103.37,2312.0
2025-07-18 15:45:00,NYSE:TGT,103.44,103.45,103.35,103.44,2772.0
2025-07-18 16:15:00,NYSE:TGT,103.59,104.0,103.4,103.92,209.0
2025-07-18 16:30:00,NYSE:TGT,103.97,104.25,103.5,103.96,12939.0
2025-07-18 16:45:00,NYSE:TGT,103.97,104.07,103.76,103.88,9461.0
2025-07-18 17:00:00,NYSE:TGT,103.88,104.11,103.665,103.75,19545.0
2025-07-18 17:15:00,NYSE:TGT,103.76,103.91,103.45,103.54,28763.0
2025-07-18 17:30:00,NYSE:TGT,103.54,103.58,103.1,103.18,19701.0
2025-07-18 17:45:00,NYSE:TGT,103.21,103.25,102.94,102.98,20580.0
2025-07-18 18:00:00,NYSE:TGT,102.99,103.37,102.94,102.98,10490.0
2025-07-18 18:15:00,NYSE:TGT,102.97,103.03,102.7,102.76,12164.0
2025-07-18 18:30:00,NYSE:TGT,102.73,102.73,102.48,102.57,9266.0
2025-07-18 18:45:00,NYSE:TGT,102.58,102.69,102.34,102.62,18908.0
2025-07-18 19:00:00,NYSE:TGT,102.59,102.66,102.43,102.48,4877.0
2025-07-18 19:15:00,NYSE:TGT,102.44,102.61,102.15,102.28,11983.0
2025-07-18 19:30:00,NYSE:TGT,102.28,102.45,102.18,102.45,12233.0
2025-07-18 19:45:00,NYSE:TGT,102.44,102.61,102.36,102.41,6291.0
2025-07-18 20:00:00,NYSE:TGT,102.42,102.67,102.35,102.67,5211.0
2025-07-18 20:15:00,NYSE:TGT,102.685,102.73,102.35,102.39,8178.0
2025-07-18 20:30:00,NYSE:TGT,102.39,102.65,102.37,102.55,7666.0
2025-07-18 20:45:00,NYSE:TGT,102.54,102.57,102.27,102.57,12093.0
2025-07-18 21:00:00,NYSE:TGT,102.58,102.72,102.55,102.61,7438.0
2025-07-18 21:15:00,NYSE:TGT,102.62,102.79,102.47,102.59,10140.0
2025-07-18 21:30:00,NYSE:TGT,102.63,102.73,102.53,102.69,6275.0
2025-07-18 21:45:00,NYSE:TGT,102.68,102.89,102.6,102.79,9491.0
2025-07-18 22:00:00,NYSE:TGT,102.82,102.92,102.76,102.89,8793.0
2025-07-18 22:15:00,NYSE:TGT,102.9,103.1,102.9,103.1,7508.0
2025-07-18 22:30:00,NYSE:TGT,103.1,103.1,102.86,103.04,12126.0
2025-07-18 22:45:00,NYSE:TGT,103.04,103.48,102.96,103.45,39236.0
2025-07-18 23:00:00,NYSE:TGT,103.43,103.43,103.43,103.43,1.0
2025-07-18 23:15:00,NYSE:TGT,103.28,103.28,103.28,103.28,18.0
2025-07-18 23:30:00,NYSE:TGT,103.28,103.4,103.28,103.4,11.0
2025-07-18 23:45:00,NYSE:TGT,103.44,103.44,103.44,103.44,30.0
2025-07-19 00:00:00,NYSE:TGT,103.39,103.4,103.35,103.4,976.0
2025-07-19 00:45:00,NYSE:TGT,103.39,103.39,103.38,103.38,81.0
2025-07-19 01:30:00,NYSE:TGT,103.4,103.4,103.4,103.4,1.0
2025-07-19 02:15:00,NYSE:TGT,103.39,103.39,103.39,103.39,10.0
2025-07-19 02:30:00,NYSE:TGT,103.45,103.46,103.45,103.46,28.0
2025-07-19 02:45:00,NYSE:TGT,103.45,103.45,103.45,103.45,4.0
2025-07-21 11:00:00,NYSE:TGT,103.6,103.6,103.4,103.4,15.0
2025-07-21 11:30:00,NYSE:TGT,103.5,103.5,103.4,103.4,5.0
2025-07-21 12:00:00,NYSE:TGT,103.6,103.6,103.6,103.6,6.0
2025-07-21 12:30:00,NYSE:TGT,103.5,103.6,103.49,103.6,46.0
2025-07-21 12:45:00,NYSE:TGT,103.02,103.02,101.77,101.81,951.0
2025-07-21 13:15:00,NYSE:TGT,101.7,101.7,101.68,101.68,8.0
2025-07-21 13:45:00,NYSE:TGT,101.87,101.87,101.87,101.87,100.0
2025-07-21 14:00:00,NYSE:TGT,101.9,102.3,101.9,102.3,486.0
2025-07-21 14:15:00,NYSE:TGT,102.15,102.15,101.92,101.92,19.0
2025-07-21 14:30:00,NYSE:TGT,101.93,101.96,101.88,101.94,222.0
2025-07-21 14:45:00,NYSE:TGT,101.96,101.96,101.96,101.96,1.0
2025-07-21 15:00:00,NYSE:TGT,101.91,101.91,101.8,101.8,2354.0
2025-07-21 15:15:00,NYSE:TGT,101.83,101.83,101.82,101.83,502.0
2025-07-21 15:30:00,NYSE:TGT,101.88,101.96,101.8,101.95,970.0
2025-07-21 15:45:00,NYSE:TGT,101.9,101.97,101.86,101.97,87.0
2025-07-21 16:00:00,NYSE:TGT,101.97,101.97,101.66,101.7,979.0
2025-07-21 16:15:00,NYSE:TGT,101.71,101.98,101.51,101.98,583.0
2025-07-21 16:30:00,NYSE:TGT,102.46,103.43,102.355,102.99,18118.0
2025-07-21 16:45:00,NYSE:TGT,102.99,103.02,102.25,102.83,11506.0
2025-07-21 17:00:00,NYSE:TGT,102.88,103.52,102.845,103.4,15024.0
2025-07-21 17:15:00,NYSE:TGT,103.39,103.64,102.9,103.48,14355.0
2025-07-21 17:30:00,NYSE:TGT,103.48,103.59,103.16,103.33,14522.0
2025-07-21 17:45:00,NYSE:TGT,103.31,103.32,102.89,103.03,12696.0
2025-07-21 18:00:00,NYSE:TGT,102.98,103.06,102.78,102.82,14064.0
2025-07-21 18:15:00,NYSE:TGT,102.82,102.89,102.56,102.65,20714.0
2025-07-21 18:30:00,NYSE:TGT,102.67,102.76,102.43,102.67,13979.0
2025-07-21 18:45:00,NYSE:TGT,102.67,102.75,102.51,102.59,7347.0
2025-07-21 19:00:00,NYSE:TGT,102.58,102.69,102.51,102.56,5580.0
2025-07-21 19:15:00,NYSE:TGT,102.58,102.82,102.31,102.34,16288.0
2025-07-21 19:30:00,NYSE:TGT,102.36,102.52,102.32,102.45,5111.0
2025-07-21 19:45:00,NYSE:TGT,102.44,102.54,102.35,102.4,5996.0
2025-07-21 20:00:00,NYSE:TGT,102.44,102.6,102.42,102.56,4757.0
2025-07-21 20:15:00,NYSE:TGT,102.55,102.62,102.52,102.6,4953.0
2025-07-21 20:30:00,NYSE:TGT,102.6,102.63,102.5,102.57,4415.0
2025-07-21 20:45:00,NYSE:TGT,102.55,102.61,102.41,102.57,5573.0
2025-07-21 21:00:00,NYSE:TGT,102.58,102.88,102.56,102.87,7625.0
2025-07-21 21:15:00,NYSE:TGT,102.87,102.87,102.69,102.73,5864.0
2025-07-21 21:30:00,NYSE:TGT,102.72,102.84,102.65,102.7,15930.0
2025-07-21 21:45:00,NYSE:TGT,102.7,102.7,102.31,102.37,11719.0
2025-07-21 22:00:00,NYSE:TGT,102.36,102.36,101.89,102.12,15394.0
2025-07-21 22:15:00,NYSE:TGT,102.11,102.4,102.11,102.18,6099.0
2025-07-21 22:30:00,NYSE:TGT,102.19,102.2,101.78,101.79,12395.0
2025-07-21 22:45:00,NYSE:TGT,101.81,101.93,101.69,101.74,32912.0
2025-07-21 23:00:00,NYSE:TGT,101.88,102.25,101.88,102.25,65.0
2025-07-21 23:15:00,NYSE:TGT,101.83,101.88,101.8,101.88,426.0
2025-07-21 23:30:00,NYSE:TGT,101.84,101.84,101.84,101.84,29.0
2025-07-21 23:45:00,NYSE:TGT,101.81,101.81,101.73,101.73,83.0
2025-07-22 00:00:00,NYSE:TGT,101.9,101.9,101.85,101.85,257.0
2025-07-22 00:15:00,NYSE:TGT,101.8,101.8,101.8,101.8,20.0
2025-07-22 00:30:00,NYSE:TGT,101.81,101.81,101.74,101.74,3.0
2025-07-22 00:45:00,NYSE:TGT,101.76,101.76,101.68,101.68,142.0
2025-07-22 01:15:00,NYSE:TGT,101.72,101.72,101.72,101.72,5.0
2025-07-22 02:00:00,NYSE:TGT,101.72,101.72,101.72,101.72,5.0
2025-07-22 02:15:00,NYSE:TGT,101.8,101.8,101.73,101.73,5.0
2025-07-22 02:30:00,NYSE:TGT,101.73,101.73,101.73,101.73,103.0
2025-07-22 02:45:00,NYSE:TGT,101.73,101.73,101.73,101.73,4.0
2025-07-22 12:15:00,NYSE:TGT,101.81,101.81,101.8,101.8,148.0
2025-07-22 13:30:00,NYSE:TGT,102.02,102.02,102.02,102.02,8.0
2025-07-22 14:00:00,NYSE:TGT,101.75,102.0,101.75,101.85,1036.0
2025-07-22 14:15:00,NYSE:TGT,101.8,101.8,101.8,101.8,2.0
2025-07-22 14:30:00,NYSE:TGT,101.74,101.76,101.74,101.76,25.0
2025-07-22 14:45:00,NYSE:TGT,101.84,101.84,101.84,101.84,10.0
2025-07-22 15:00:00,NYSE:TGT,101.75,101.75,101.74,101.74,66.0
2025-07-22 15:30:00,NYSE:TGT,101.79,101.8,101.79,101.8,33.0
2025-07-22 15:45:00,NYSE:TGT,101.94,101.94,101.94,101.94,5.0
2025-07-22 16:00:00,NYSE:TGT,102.0,102.0,102.0,102.0,23.0
2025-07-22 16:15:00,NYSE:TGT,102.02,102.69,102.02,102.69,160.0
2025-07-22 16:30:00,NYSE:TGT,102.77,105.225,102.77,104.15,58643.0
2025-07-22 16:45:00,NYSE:TGT,104.2,105.44,104.2,104.91,32587.0
2025-07-22 17:00:00,NYSE:TGT,104.94,105.22,104.01,104.37,21204.0
2025-07-22 17:15:00,NYSE:TGT,104.38,104.78,104.29,104.63,9829.0
2025-07-22 17:30:00,NYSE:TGT,104.66,104.9,104.43,104.58,15318.0
2025-07-22 17:45:00,NYSE:TGT,104.6,104.6,103.87,104.01,9690.0
2025-07-22 18:00:00,NYSE:TGT,104.05,104.53,103.9,104.53,7418.0
2025-07-22 18:15:00,NYSE:TGT,104.54,104.9,104.37,104.7,10486.0
2025-07-22 18:30:00,NYSE:TGT,104.7,105.06,104.66,104.98,10163.0
2025-07-22 18:45:00,NYSE:TGT,105.01,105.39,104.99,105.25,10116.0
2025-07-22 19:00:00,NYSE:TGT,105.29,105.64,105.29,105.53,13793.0
2025-07-22 19:15:00,NYSE:TGT,105.5,105.68,105.41,105.46,10282.0
2025-07-22 19:30:00,NYSE:TGT,105.48,105.55,105.12,105.2,10138.0
2025-07-22 19:45:00,NYSE:TGT,105.21,105.56,105.16,105.48,9284.0
2025-07-22 20:00:00,NYSE:TGT,105.47,105.58,105.41,105.46,10167.0
2025-07-22 20:15:00,NYSE:TGT,105.46,105.96,105.46,105.9,21604.0
2025-07-22 20:30:00,NYSE:TGT,105.91,105.96,105.595,105.77,7224.0
2025-07-22 20:45:00,NYSE:TGT,105.77,105.86,105.64,105.825,8306.0
2025-07-22 21:00:00,NYSE:TGT,105.83,106.15,105.83,106.14,11416.0
2025-07-22 21:15:00,NYSE:TGT,106.17,106.23,106.04,106.18,7880.0
2025-07-22 21:30:00,NYSE:TGT,106.17,106.44,106.15,106.36,15673.0
2025-07-22 21:45:00,NYSE:TGT,106.31,106.67,106.2,106.54,8952.0
2025-07-22 22:00:00,NYSE:TGT,106.55,106.6,106.29,106.42,6202.0
2025-07-22 22:15:00,NYSE:TGT,106.42,106.435,106.27,106.37,8459.0
2025-07-22 22:30:00,NYSE:TGT,106.35,106.64,106.3,106.6,13834.0
2025-07-22 22:45:00,NYSE:TGT,106.61,106.9,106.44,106.57,69080.0
2025-07-22 23:00:00,NYSE:TGT,106.55,106.8,106.43,106.55,208.0
2025-07-22 23:15:00,NYSE:TGT,106.53,106.62,106.51,106.62,16.0
2025-07-22 23:30:00,NYSE:TGT,106.55,106.55,106.54,106.54,15.0
2025-07-22 23:45:00,NYSE:TGT,106.63,106.64,106.63,106.64,55.0
2025-07-23 00:00:00,NYSE:TGT,106.62,106.64,106.61,106.61,18.0
2025-07-23 00:15:00,NYSE:TGT,106.61,106.61,106.61,106.61,30.0
2025-07-23 00:30:00,NYSE:TGT,106.69,106.69,106.6,106.6,34.0
2025-07-23 00:45:00,NYSE:TGT,106.6,106.6,106.6,106.6,5.0
2025-07-23 01:00:00,NYSE:TGT,106.6,106.6,106.6,106.6,8.0
2025-07-23 01:15:00,NYSE:TGT,106.6,106.6,106.6,106.6,3.0
2025-07-23 01:30:00,NYSE:TGT,106.65,106.65,106.65,106.65,5.0
2025-07-23 01:45:00,NYSE:TGT,106.63,106.63,106.63,106.63,42.0
2025-07-23 02:00:00,NYSE:TGT,106.63,106.69,106.63,106.69,141.0
2025-07-23 02:15:00,NYSE:TGT,106.65,106.65,106.65,106.65,86.0
2025-07-23 02:30:00,NYSE:TGT,106.65,106.8,106.65,106.8,62.0
2025-07-23 02:45:00,NYSE:TGT,106.82,107.0,106.82,107.0,90.0
2025-07-23 11:00:00,NYSE:TGT,107.0,108.0,106.65,107.03,734.0
2025-07-23 11:30:00,NYSE:TGT,107.18,107.29,107.18,107.29,54.0
2025-07-23 12:00:00,NYSE:TGT,107.0,107.15,107.0,107.15,4.0
2025-07-23 12:15:00,NYSE:TGT,106.88,106.88,106.88,106.88,27.0
2025-07-23 12:30:00,NYSE:TGT,107.15,107.15,107.15,107.15,28.0
2025-07-23 13:00:00,NYSE:TGT,107.15,107.15,107.15,107.15,18.0
2025-07-23 13:15:00,NYSE:TGT,107.09,107.09,107.06,107.06,4.0
2025-07-23 13:45:00,NYSE:TGT,107.14,107.14,107.03,107.03,130.0
2025-07-23 14:00:00,NYSE:TGT,107.0,107.16,107.0,107.15,1083.0
2025-07-23 14:15:00,NYSE:TGT,106.92,107.01,106.82,107.01,139.0
2025-07-23 14:30:00,NYSE:TGT,107.0,107.0,107.0,107.0,2.0
2025-07-23 15:00:00,NYSE:TGT,107.0,107.1,107.0,107.0,540.0
2025-07-23 15:15:00,NYSE:TGT,107.0,107.0,107.0,107.0,5.0
2025-07-23 15:30:00,NYSE:TGT,106.9,106.95,106.9,106.95,553.0
2025-07-23 16:00:00,NYSE:TGT,106.9,106.9,106.9,106.9,490.0
2025-07-23 16:15:00,NYSE:TGT,107.02,107.49,107.01,107.49,171.0
2025-07-23 16:30:00,NYSE:TGT,107.53,108.9,107.5,107.94,58679.0
2025-07-23 16:45:00,NYSE:TGT,107.92,108.09,107.57,107.88,21933.0
2025-07-23 17:00:00,NYSE:TGT,107.93,108.35,107.74,107.83,16337.0
2025-07-23 17:15:00,NYSE:TGT,107.83,108.3,107.66,108.18,15440.0
2025-07-23 17:30:00,NYSE:TGT,108.2,108.25,107.6,107.76,12768.0
2025-07-23 17:45:00,NYSE:TGT,107.76,107.98,107.59,107.71,7650.0
2025-07-23 18:00:00,NYSE:TGT,107.71,107.83,107.36,107.41,6479.0
2025-07-23 18:15:00,NYSE:TGT,107.42,107.445,106.99,107.05,10348.0
2025-07-23 18:30:00,NYSE:TGT,107.05,107.11,106.84,106.94,11937.0
2025-07-23 18:45:00,NYSE:TGT,106.94,107.55,106.8,107.51,19164.0
2025-07-23 19:00:00,NYSE:TGT,107.51,107.75,107.39,107.6,15788.0
2025-07-23 19:15:00,NYSE:TGT,107.62,107.76,107.51,107.73,18721.0
2025-07-23 19:30:00,NYSE:TGT,107.7,107.72,107.48,107.68,6040.0
2025-07-23 19:45:00,NYSE:TGT,107.65,107.8,107.52,107.52,7265.0
2025-07-23 20:00:00,NYSE:TGT,107.54,107.7,107.48,107.51,3982.0
2025-07-23 20:15:00,NYSE:TGT,107.5,107.7,107.35,107.64,5954.0
2025-07-23 20:30:00,NYSE:TGT,107.66,107.86,107.61,107.84,4194.0
2025-07-23 20:45:00,NYSE:TGT,107.83,107.84,107.43,107.52,3306.0
2025-07-23 21:00:00,NYSE:TGT,107.54,107.67,107.4,107.53,6543.0
2025-07-23 21:15:00,NYSE:TGT,107.57,107.77,107.51,107.68,4891.0
2025-07-23 21:30:00,NYSE:TGT,107.69,107.76,107.54,107.69,3900.0
2025-07-23 21:45:00,NYSE:TGT,107.69,107.71,107.44,107.44,4981.0
2025-07-23 22:00:00,NYSE:TGT,107.42,107.71,107.42,107.64,11915.0
2025-07-23 22:15:00,NYSE:TGT,107.64,107.83,107.33,107.82,18021.0
2025-07-23 22:30:00,NYSE:TGT,107.82,107.85,107.73,107.77,12319.0
2025-07-23 22:45:00,NYSE:TGT,107.78,107.835,107.42,107.49,56924.0
2025-07-23 23:00:00,NYSE:TGT,107.57,107.61,107.44,107.44,825.0
2025-07-23 23:15:00,NYSE:TGT,107.44,107.44,107.44,107.44,3.0
2025-07-23 23:45:00,NYSE:TGT,107.46,107.5,107.45,107.5,72.0
2025-07-24 00:00:00,NYSE:TGT,107.58,107.58,107.31,107.31,1114.0
2025-07-24 00:15:00,NYSE:TGT,107.3,107.3,107.1,107.1,43.0
2025-07-24 01:30:00,NYSE:TGT,107.3,107.3,107.3,107.3,5.0
2025-07-24 01:45:00,NYSE:TGT,107.3,107.3,107.3,107.3,10.0
2025-07-24 02:00:00,NYSE:TGT,107.3,107.3,107.3,107.3,8.0
2025-07-24 02:45:00,NYSE:TGT,107.3,107.3,107.3,107.3,6.0
2025-07-24 11:00:00,NYSE:TGT,108.1,108.1,107.5,107.5,12.0
2025-07-24 11:30:00,NYSE:TGT,107.57,107.57,107.57,107.57,10.0
2025-07-24 11:45:00,NYSE:TGT,107.94,107.94,107.94,107.94,50.0
2025-07-24 12:15:00,NYSE:TGT,107.94,107.94,107.5,107.5,29.0
2025-07-24 12:45:00,NYSE:TGT,107.56,107.56,107.56,107.56,92.0
2025-07-24 13:30:00,NYSE:TGT,107.56,107.78,107.56,107.78,94.0
2025-07-24 13:45:00,NYSE:TGT,107.94,108.0,107.94,108.0,53.0
2025-07-24 14:00:00,NYSE:TGT,107.79,107.98,107.51,107.94,160.0
2025-07-24 14:15:00,NYSE:TGT,107.5,107.5,107.5,107.5,1.0
2025-07-24 14:45:00,NYSE:TGT,107.51,107.53,107.5,107.5,233.0
2025-07-24 15:00:00,NYSE:TGT,107.56,107.56,107.55,107.55,11.0
2025-07-24 15:30:00,NYSE:TGT,107.5,107.5,107.25,107.25,1841.0
2025-07-24 15:45:00,NYSE:TGT,107.24,107.3,107.18,107.24,1585.0
2025-07-24 16:00:00,NYSE:TGT,107.39,107.39,107.39,107.39,8.0
2025-07-24 16:15:00,NYSE:TGT,107.39,107.39,106.77,106.77,2729.0
2025-07-24 16:30:00,NYSE:TGT,107.29,107.9,107.06,107.87,10476.0
2025-07-24 16:45:00,NYSE:TGT,107.89,108.16,107.65,108.16,17367.0
2025-07-24 17:00:00,NYSE:TGT,108.15,108.44,107.9,107.94,10372.0
2025-07-24 17:15:00,NYSE:TGT,107.935,107.935,107.57,107.77,14048.0
2025-07-24 17:30:00,NYSE:TGT,107.765,107.88,107.54,107.54,5835.0
2025-07-24 17:45:00,NYSE:TGT,107.58,107.62,107.08,107.27,11977.0
2025-07-24 18:00:00,NYSE:TGT,107.32,107.32,106.87,107.02,8556.0
2025-07-24 18:15:00,NYSE:TGT,107.01,107.01,106.67,106.89,7073.0
2025-07-24 18:30:00,NYSE:TGT,106.91,107.05,106.68,106.75,8826.0
2025-07-24 18:45:00,NYSE:TGT,106.75,107.08,106.66,106.99,8611.0
2025-07-24 19:00:00,NYSE:TGT,107.0,107.03,106.54,106.56,16267.0
2025-07-24 19:15:00,NYSE:TGT,106.54,106.54,105.68,105.78,18250.0
2025-07-24 19:30:00,NYSE:TGT,105.765,105.95,105.46,105.88,18792.0
2025-07-24 19:45:00,NYSE:TGT,105.93,105.96,105.54,105.71,12692.0
2025-07-24 20:00:00,NYSE:TGT,105.73,106.09,105.66,106.09,5136.0
2025-07-24 20:15:00,NYSE:TGT,106.07,106.09,105.85,106.06,3257.0
2025-07-24 20:30:00,NYSE:TGT,106.05,106.13,105.94,105.95,5114.0
2025-07-24 20:45:00,NYSE:TGT,105.95,106.27,105.93,106.2,3641.0
2025-07-24 21:00:00,NYSE:TGT,106.2,106.27,106.1,106.19,5230.0
2025-07-24 21:15:00,NYSE:TGT,106.18,106.24,106.075,106.1,6143.0
2025-07-24 21:30:00,NYSE:TGT,106.11,106.11,105.87,105.95,5812.0
2025-07-24 21:45:00,NYSE:TGT,105.94,106.08,105.75,106.04,11869.0
2025-07-24 22:00:00,NYSE:TGT,106.04,106.14,105.93,106.11,11250.0
2025-07-24 22:15:00,NYSE:TGT,106.11,106.13,105.99,106.05,6340.0
2025-07-24 22:30:00,NYSE:TGT,106.04,106.06,105.87,105.965,8247.0
2025-07-24 22:45:00,NYSE:TGT,105.96,106.28,105.84,105.845,35871.0
2025-07-24 23:00:00,NYSE:TGT,106.0,106.0,105.96,105.96,246.0
2025-07-24 23:30:00,NYSE:TGT,106.01,106.01,106.01,106.01,12.0
2025-07-24 23:45:00,NYSE:TGT,106.01,106.01,106.01,106.01,50.0
2025-07-25 00:00:00,NYSE:TGT,106.01,106.01,106.01,106.01,4.0
2025-07-25 00:15:00,NYSE:TGT,106.01,106.01,106.0,106.0,36.0
2025-07-25 00:45:00,NYSE:TGT,106.16,106.16,106.16,106.16,1.0
2025-07-25 01:45:00,NYSE:TGT,105.99,105.99,105.99,105.99,1.0
2025-07-25 02:00:00,NYSE:TGT,106.2,106.2,106.2,106.2,1.0
2025-07-25 02:15:00,NYSE:TGT,106.0,106.0,106.0,106.0,210.0
2025-07-25 02:30:00,NYSE:TGT,106.0,106.0,106.0,106.0,770.0
2025-07-25 11:00:00,NYSE:TGT,106.02,106.02,106.0,106.0,14.0
2025-07-25 11:15:00,NYSE:TGT,105.88,105.88,105.88,105.88,2.0
2025-07-25 11:30:00,NYSE:TGT,105.91,106.5,105.91,106.5,47.0
2025-07-25 12:00:00,NYSE:TGT,106.35,106.35,105.9,105.9,291.0
2025-07-25 13:00:00,NYSE:TGT,106.5,106.5,106.5,106.5,1.0
2025-07-25 13:45:00,NYSE:TGT,106.06,106.06,106.0,106.0,106.0
2025-07-25 14:00:00,NYSE:TGT,106.18,106.18,106.0,106.0,31.0
2025-07-25 14:15:00,NYSE:TGT,106.1,106.1,106.1,106.1,1.0
2025-07-25 14:45:00,NYSE:TGT,106.22,106.33,106.13,106.33,177.0
2025-07-25 15:00:00,NYSE:TGT,106.18,106.2,106.18,106.2,34.0
2025-07-25 15:15:00,NYSE:TGT,106.2,106.2,106.17,106.2,622.0
2025-07-25 16:15:00,NYSE:TGT,106.57,106.65,106.57,106.65,238.0
2025-07-25 16:30:00,NYSE:TGT,106.275,107.0,105.5,105.56,16224.0
2025-07-25 16:45:00,NYSE:TGT,105.57,105.85,105.3,105.72,14274.0
2025-07-25 17:00:00,NYSE:TGT,105.69,106.0,105.32,105.37,15313.0
2025-07-25 17:15:00,NYSE:TGT,105.39,105.49,105.17,105.22,15560.0
2025-07-25 17:30:00,NYSE:TGT,105.2,105.58,105.16,105.29,7466.0
2025-07-25 17:45:00,NYSE:TGT,105.32,105.56,105.27,105.28,13223.0
2025-07-25 18:00:00,NYSE:TGT,105.32,105.55,105.26,105.44,14404.0
2025-07-25 18:15:00,NYSE:TGT,105.41,105.56,105.38,105.46,11811.0
2025-07-25 18:30:00,NYSE:TGT,105.45,105.71,105.36,105.67,10689.0
2025-07-25 18:45:00,NYSE:TGT,105.65,105.84,105.53,105.84,17869.0
2025-07-25 19:00:00,NYSE:TGT,105.85,106.02,105.72,105.99,8105.0
2025-07-25 19:15:00,NYSE:TGT,105.98,105.98,105.72,105.81,6582.0
2025-07-25 19:30:00,NYSE:TGT,105.785,105.85,105.67,105.8,6404.0
2025-07-25 19:45:00,NYSE:TGT,105.81,105.92,105.8,105.84,5801.0
2025-07-25 20:00:00,NYSE:TGT,105.83,106.14,105.74,106.12,9405.0
2025-07-25 20:15:00,NYSE:TGT,106.12,106.13,105.97,106.11,6175.0
2025-07-25 20:30:00,NYSE:TGT,106.11,106.255,106.07,106.08,6873.0
2025-07-25 20:45:00,NYSE:TGT,106.09,106.14,106.07,106.11,4142.0
2025-07-25 21:00:00,NYSE:TGT,106.08,106.09,105.86,105.92,6568.0
2025-07-25 21:15:00,NYSE:TGT,105.92,105.94,105.84,105.88,5465.0
2025-07-25 21:30:00,NYSE:TGT,105.89,105.94,105.75,105.89,6944.0
2025-07-25 21:45:00,NYSE:TGT,105.89,106.04,105.79,106.02,10123.0
2025-07-25 22:00:00,NYSE:TGT,106.01,106.18,105.99,106.18,8372.0
2025-07-25 22:15:00,NYSE:TGT,106.18,106.25,106.09,106.19,9151.0
2025-07-25 22:30:00,NYSE:TGT,106.19,106.22,106.06,106.16,23036.0
2025-07-25 22:45:00,NYSE:TGT,106.14,106.2,105.91,106.06,48930.0
2025-07-25 23:00:00,NYSE:TGT,106.25,106.25,106.09,106.09,2.0
2025-07-25 23:30:00,NYSE:TGT,106.26,106.28,106.26,106.28,2.0
2025-07-26 01:00:00,NYSE:TGT,106.02,106.02,106.0,106.01,102.0
2025-07-26 01:45:00,NYSE:TGT,106.09,106.09,106.08,106.08,3.0
2025-07-28 11:00:00,NYSE:TGT,106.4,107.5,106.4,106.69,356.0
2025-07-28 11:15:00,NYSE:TGT,106.71,106.71,106.71,106.71,5.0
2025-07-28 11:30:00,NYSE:TGT,107.2,107.2,106.85,106.85,4.0
2025-07-28 11:45:00,NYSE:TGT,106.71,107.0,106.71,107.0,15.0
2025-07-28 12:00:00,NYSE:TGT,106.71,106.72,106.71,106.72,7.0
2025-07-28 12:15:00,NYSE:TGT,106.7,106.7,106.7,106.7,6.0
2025-07-28 12:30:00,NYSE:TGT,106.75,107.15,106.75,107.15,7.0
2025-07-28 12:45:00,NYSE:TGT,106.7,106.81,106.56,106.56,37.0
2025-07-28 13:00:00,NYSE:TGT,107.05,107.05,107.05,107.05,23.0
2025-07-28 13:15:00,NYSE:TGT,107.14,107.17,107.14,107.17,6.0
2025-07-28 13:30:00,NYSE:TGT,106.81,106.81,106.76,106.76,305.0
2025-07-28 14:00:00,NYSE:TGT,106.71,106.86,106.5,106.54,412.0
2025-07-28 14:30:00,NYSE:TGT,106.53,106.53,106.43,106.43,2.0
2025-07-28 15:00:00,NYSE:TGT,106.66,106.66,106.55,106.55,540.0
2025-07-28 15:15:00,NYSE:TGT,106.63,106.63,106.55,106.55,550.0
2025-07-28 15:30:00,NYSE:TGT,106.59,106.59,106.59,106.59,3.0
2025-07-28 16:00:00,NYSE:TGT,106.59,106.59,106.42,106.42,361.0
2025-07-28 16:15:00,NYSE:TGT,106.42,106.42,106.28,106.28,312.0
2025-07-28 16:30:00,NYSE:TGT,106.22,106.45,105.38,105.6,14367.0
2025-07-28 16:45:00,NYSE:TGT,105.56,105.66,105.27,105.57,61387.0
2025-07-28 17:00:00,NYSE:TGT,105.58,106.25,105.5,106.16,20319.0
2025-07-28 17:15:00,NYSE:TGT,106.15,106.425,106.09,106.38,11081.0
2025-07-28 17:30:00,NYSE:TGT,106.4,106.64,106.39,106.555,15394.0
2025-07-28 17:45:00,NYSE:TGT,106.58,106.7,106.27,106.275,13382.0
2025-07-28 18:00:00,NYSE:TGT,106.32,106.64,106.24,106.6,8951.0
2025-07-28 18:15:00,NYSE:TGT,106.58,106.67,106.45,106.56,12853.0
2025-07-28 18:30:00,NYSE:TGT,106.55,106.65,106.45,106.55,5019.0
2025-07-28 18:45:00,NYSE:TGT,106.58,106.72,106.52,106.71,6620.0
2025-07-28 19:00:00,NYSE:TGT,106.7,106.79,106.57,106.57,6583.0
2025-07-28 19:15:00,NYSE:TGT,106.57,106.63,106.46,106.57,5108.0
2025-07-28 19:30:00,NYSE:TGT,106.58,106.79,106.55,106.565,11271.0
2025-07-28 19:45:00,NYSE:TGT,106.56,106.56,106.24,106.28,11047.0
2025-07-28 20:00:00,NYSE:TGT,106.3,106.44,106.3,106.34,6919.0
2025-07-28 20:15:00,NYSE:TGT,106.34,106.35,106.02,106.15,6840.0
2025-07-28 20:30:00,NYSE:TGT,106.17,106.23,106.07,106.13,6141.0
2025-07-28 20:45:00,NYSE:TGT,106.12,106.21,106.07,106.07,3421.0
2025-07-28 21:00:00,NYSE:TGT,106.1,106.1,105.88,106.03,10160.0
2025-07-28 21:15:00,NYSE:TGT,106.05,106.165,106.05,106.145,3547.0
2025-07-28 21:30:00,NYSE:TGT,106.16,106.57,106.16,106.49,7182.0
2025-07-28 21:45:00,NYSE:TGT,106.51,106.57,106.43,106.5,12423.0
2025-07-28 22:00:00,NYSE:TGT,106.5,106.59,106.36,106.43,11624.0
2025-07-28 22:15:00,NYSE:TGT,106.42,106.5,106.24,106.31,7911.0
2025-07-28 22:30:00,NYSE:TGT,106.33,106.43,106.18,106.295,9228.0
2025-07-28 22:45:00,NYSE:TGT,106.31,106.55,106.31,106.44,35171.0
2025-07-28 23:45:00,NYSE:TGT,106.4,106.5,106.4,106.5,13.0
2025-07-29 00:30:00,NYSE:TGT,106.52,106.52,106.52,106.52,47.0
2025-07-29 00:45:00,NYSE:TGT,106.5,106.5,106.5,106.5,35.0
2025-07-29 01:15:00,NYSE:TGT,106.44,106.53,106.44,106.53,53.0
2025-07-29 01:30:00,NYSE:TGT,106.43,106.43,106.43,106.43,1.0
2025-07-29 02:00:00,NYSE:TGT,106.25,106.25,106.25,106.25,1.0
2025-07-29 02:15:00,NYSE:TGT,106.3,106.3,106.3,106.3,1.0
2025-07-29 02:30:00,NYSE:TGT,106.52,106.52,106.52,106.52,1.0
2025-07-29 02:45:00,NYSE:TGT,106.41,106.41,106.4,106.4,101.0
2025-07-29 11:00:00,NYSE:TGT,106.6,106.6,106.35,106.35,2.0
2025-07-29 12:15:00,NYSE:TGT,106.57,106.6,106.57,106.6,3.0
2025-07-29 13:00:00,NYSE:TGT,106.6,106.8,106.53,106.8,118.0
2025-07-29 13:30:00,NYSE:TGT,106.55,106.55,106.55,106.55,150.0
2025-07-29 14:00:00,NYSE:TGT,106.55,106.55,106.55,106.55,1.0
2025-07-29 14:30:00,NYSE:TGT,106.8,106.8,106.8,106.8,18.0
2025-07-29 14:45:00,NYSE:TGT,106.64,106.64,106.6,106.6,85.0
2025-07-29 15:00:00,NYSE:TGT,106.54,106.54,106.54,106.54,20.0
2025-07-29 15:15:00,NYSE:TGT,106.65,106.65,106.65,106.65,5.0
2025-07-29 15:30:00,NYSE:TGT,106.73,106.73,106.73,106.73,2.0
2025-07-29 15:45:00,NYSE:TGT,106.6,106.6,106.59,106.6,258.0
2025-07-29 16:15:00,NYSE:TGT,106.53,106.69,106.41,106.42,101.0
2025-07-29 16:30:00,NYSE:TGT,106.71,106.71,105.665,105.9,24218.0
2025-07-29 16:45:00,NYSE:TGT,105.9,106.09,105.59,105.71,8300.0
2025-07-29 17:00:00,NYSE:TGT,105.73,106.135,105.73,105.88,8285.0
2025-07-29 17:15:00,NYSE:TGT,105.93,105.98,105.4,105.42,8792.0
2025-07-29 17:30:00,NYSE:TGT,105.36,105.539,104.85,104.85,10709.0
2025-07-29 17:45:00,NYSE:TGT,104.86,105.0,104.52,104.57,13345.0
2025-07-29 18:00:00,NYSE:TGT,104.57,104.66,104.36,104.48,10786.0
2025-07-29 18:15:00,NYSE:TGT,104.46,104.52,104.01,104.04,11454.0
2025-07-29 18:30:00,NYSE:TGT,104.05,104.36,104.05,104.33,20019.0
2025-07-29 18:45:00,NYSE:TGT,104.36,104.44,104.16,104.315,15775.0
2025-07-29 19:00:00,NYSE:TGT,104.36,104.36,104.18,104.31,5245.0
2025-07-29 19:15:00,NYSE:TGT,104.28,104.36,104.07,104.36,7985.0
2025-07-29 19:30:00,NYSE:TGT,104.36,104.36,104.18,104.32,11921.0
2025-07-29 19:45:00,NYSE:TGT,104.31,104.4,104.28,104.34,5413.0
2025-07-29 20:00:00,NYSE:TGT,104.33,104.63,104.31,104.59,13880.0
2025-07-29 20:15:00,NYSE:TGT,104.62,104.63,104.36,104.45,6186.0
2025-07-29 20:30:00,NYSE:TGT,104.48,104.61,104.29,104.33,6056.0
2025-07-29 20:45:00,NYSE:TGT,104.3,104.4,104.15,104.21,10514.0
2025-07-29 21:00:00,NYSE:TGT,104.21,104.28,104.06,104.18,6312.0
2025-07-29 21:15:00,NYSE:TGT,104.18,104.22,103.93,104.04,10965.0
2025-07-29 21:30:00,NYSE:TGT,104.06,104.17,104.06,104.13,5495.0
2025-07-29 21:45:00,NYSE:TGT,104.13,104.31,104.13,104.31,7477.0
2025-07-29 22:00:00,NYSE:TGT,104.29,104.43,104.27,104.33,9312.0
2025-07-29 22:15:00,NYSE:TGT,104.31,104.31,104.06,104.07,12273.0
2025-07-29 22:30:00,NYSE:TGT,104.1,104.17,104.0,104.01,14120.0
2025-07-29 22:45:00,NYSE:TGT,104.03,104.275,103.98,104.19,39109.0
2025-07-29 23:00:00,NYSE:TGT,104.2,104.29,104.18,104.19,307.0
2025-07-29 23:15:00,NYSE:TGT,104.19,104.34,104.18,104.34,91.0
2025-07-29 23:30:00,NYSE:TGT,104.19,104.19,104.16,104.16,100.0
2025-07-29 23:45:00,NYSE:TGT,104.25,104.25,104.24,104.24,3.0
2025-07-30 00:15:00,NYSE:TGT,104.38,104.38,104.38,104.38,10.0
2025-07-30 00:30:00,NYSE:TGT,104.38,104.39,104.38,104.38,77.0
2025-07-30 00:45:00,NYSE:TGT,104.37,104.37,104.37,104.37,1.0
2025-07-30 01:00:00,NYSE:TGT,104.38,104.38,104.38,104.38,5.0
2025-07-30 01:15:00,NYSE:TGT,104.37,104.37,104.37,104.37,18.0
2025-07-30 01:45:00,NYSE:TGT,104.37,104.37,104.37,104.37,1.0
2025-07-30 02:00:00,NYSE:TGT,104.37,104.37,104.37,104.37,50.0
2025-07-30 02:15:00,NYSE:TGT,104.38,104.38,104.38,104.38,24.0
2025-07-30 02:30:00,NYSE:TGT,104.32,104.32,104.32,104.32,10.0
2025-07-30 11:00:00,NYSE:TGT,104.2,104.2,103.6,104.11,104.0
2025-07-30 11:45:00,NYSE:TGT,104.5,104.5,104.5,104.5,1.0
2025-07-30 12:15:00,NYSE:TGT,104.53,104.53,104.53,104.53,48.0
2025-07-30 12:45:00,NYSE:TGT,104.2,104.2,104.2,104.2,1.0
2025-07-30 13:30:00,NYSE:TGT,104.55,104.55,104.22,104.22,7.0
2025-07-30 14:00:00,NYSE:TGT,104.37,104.37,104.37,104.37,15.0
2025-07-30 14:30:00,NYSE:TGT,104.37,104.37,104.37,104.37,24.0
2025-07-30 15:00:00,NYSE:TGT,104.37,104.37,104.37,104.37,20.0
2025-07-30 15:15:00,NYSE:TGT,104.3,104.46,104.3,104.3,606.0
2025-07-30 15:30:00,NYSE:TGT,104.3,104.3,104.3,104.3,15.0
2025-07-30 15:45:00,NYSE:TGT,104.4,104.4,104.4,104.4,2.0
2025-07-30 16:15:00,NYSE:TGT,104.38,104.6,104.33,104.6,110.0
2025-07-30 16:30:00,NYSE:TGT,104.6,105.0,104.2,104.29,13555.0
2025-07-30 16:45:00,NYSE:TGT,104.38,104.7,104.0,104.35,13879.0
2025-07-30 17:00:00,NYSE:TGT,104.38,104.66,104.1,104.32,17590.0
2025-07-30 17:15:00,NYSE:TGT,104.33,104.41,104.08,104.36,7519.0
2025-07-30 17:30:00,NYSE:TGT,104.4,104.5,104.15,104.15,4773.0
2025-07-30 17:45:00,NYSE:TGT,104.13,104.19,104.05,104.11,6090.0
2025-07-30 18:00:00,NYSE:TGT,104.11,104.11,103.72,103.85,12425.0
2025-07-30 18:15:00,NYSE:TGT,103.87,104.0,103.78,103.88,6944.0
2025-07-30 18:30:00,NYSE:TGT,103.89,104.07,103.72,104.05,5078.0
2025-07-30 18:45:00,NYSE:TGT,104.02,104.02,103.835,103.92,4486.0
2025-07-30 19:00:00,NYSE:TGT,103.96,104.04,103.86,103.97,8135.0
2025-07-30 19:15:00,NYSE:TGT,103.97,104.29,103.97,104.25,5118.0
2025-07-30 19:30:00,NYSE:TGT,104.28,104.32,104.11,104.2,3941.0
2025-07-30 19:45:00,NYSE:TGT,104.19,104.35,104.11,104.13,7604.0
2025-07-30 20:00:00,NYSE:TGT,104.13,104.2,103.95,104.02,3544.0
2025-07-30 20:15:00,NYSE:TGT,104.01,104.32,103.97,104.32,9373.0
2025-07-30 20:30:00,NYSE:TGT,104.32,104.42,104.32,104.39,3497.0
2025-07-30 20:45:00,NYSE:TGT,104.38,104.5,104.215,104.26,6240.0
2025-07-30 21:00:00,NYSE:TGT,104.26,104.32,103.9,104.1,5372.0
2025-07-30 21:15:00,NYSE:TGT,104.1,104.16,103.96,104.07,5302.0
2025-07-30 21:30:00,NYSE:TGT,104.06,104.32,103.73,104.005,13785.0
2025-07-30 21:45:00,NYSE:TGT,104.02,104.065,103.07,103.14,16466.0
2025-07-30 22:00:00,NYSE:TGT,103.11,103.11,102.47,102.91,14739.0
2025-07-30 22:15:00,NYSE:TGT,102.86,102.92,102.49,102.59,15485.0
2025-07-30 22:30:00,NYSE:TGT,102.65,102.89,102.33,102.5,20856.0
2025-07-30 22:45:00,NYSE:TGT,102.52,103.35,102.43,103.155,61116.0
2025-07-30 23:00:00,NYSE:TGT,103.11,103.11,102.81,102.84,239.0
2025-07-30 23:15:00,NYSE:TGT,102.84,103.0,102.81,102.83,428.0
2025-07-30 23:30:00,NYSE:TGT,103.0,103.0,102.82,102.83,129.0
2025-07-30 23:45:00,NYSE:TGT,102.82,103.15,102.82,102.82,156.0
2025-07-31 00:00:00,NYSE:TGT,102.82,102.92,102.82,102.92,42.0
2025-07-31 00:15:00,NYSE:TGT,102.82,102.93,102.81,102.93,136.0
2025-07-31 00:30:00,NYSE:TGT,102.9,102.9,102.8,102.8,243.0
2025-07-31 00:45:00,NYSE:TGT,102.75,102.75,102.5,102.5,51.0
2025-07-31 01:00:00,NYSE:TGT,102.73,102.74,102.73,102.74,74.0
2025-07-31 01:15:00,NYSE:TGT,102.54,102.54,102.5,102.5,115.0
2025-07-31 01:30:00,NYSE:TGT,102.5,102.5,102.5,102.5,5.0
2025-07-31 02:00:00,NYSE:TGT,103.09,103.1,103.09,103.1,108.0
2025-07-31 02:15:00,NYSE:TGT,103.16,103.26,103.16,103.26,134.0
2025-07-31 02:45:00,NYSE:TGT,103.1,103.1,103.05,103.05,3.0
2025-07-31 11:00:00,NYSE:TGT,103.2,103.2,103.19,103.2,167.0
2025-07-31 11:15:00,NYSE:TGT,103.11,103.11,103.11,103.11,100.0
2025-07-31 11:30:00,NYSE:TGT,103.15,103.2,103.15,103.2,109.0
2025-07-31 11:45:00,NYSE:TGT,103.2,103.2,103.2,103.2,155.0
2025-07-31 12:00:00,NYSE:TGT,103.15,103.15,102.75,103.15,8.0
2025-07-31 12:15:00,NYSE:TGT,102.8,102.8,102.76,102.76,3.0
2025-07-31 12:30:00,NYSE:TGT,102.71,103.0,102.71,103.0,5.0
2025-07-31 12:45:00,NYSE:TGT,102.99,102.99,102.99,102.99,1.0
2025-07-31 13:00:00,NYSE:TGT,102.77,103.0,102.71,103.0,105.0
2025-07-31 13:45:00,NYSE:TGT,102.82,102.82,102.82,102.82,1.0
2025-07-31 14:00:00,NYSE:TGT,103.13,103.13,102.64,102.64,255.0
2025-07-31 14:15:00,NYSE:TGT,102.64,102.64,102.64,102.64,10.0
2025-07-31 14:30:00,NYSE:TGT,102.8,102.8,102.8,102.8,50.0
2025-07-31 14:45:00,NYSE:TGT,102.82,102.82,102.62,102.62,412.0
2025-07-31 15:00:00,NYSE:TGT,102.73,102.73,102.58,102.58,111.0
2025-07-31 15:15:00,NYSE:TGT,102.55,102.55,102.5,102.55,129.0
2025-07-31 15:30:00,NYSE:TGT,102.6,102.6,102.52,102.53,61.0
2025-07-31 15:45:00,NYSE:TGT,102.8,102.81,102.53,102.65,448.0
2025-07-31 16:00:00,NYSE:TGT,102.81,102.85,102.73,102.75,26.0
2025-07-31 16:15:00,NYSE:TGT,102.79,102.79,102.0,102.21,1639.0
2025-07-31 16:30:00,NYSE:TGT,102.35,102.39,101.6,101.935,23536.0
2025-07-31 16:45:00,NYSE:TGT,101.87,102.5,101.75,102.37,22218.0
2025-07-31 17:00:00,NYSE:TGT,102.345,102.62,101.8,101.905,18591.0
2025-07-31 17:15:00,NYSE:TGT,101.91,102.12,101.81,101.99,16314.0
2025-07-31 17:30:00,NYSE:TGT,102.0,102.275,101.7,102.19,23376.0
2025-07-31 17:45:00,NYSE:TGT,102.19,102.27,101.77,101.78,10722.0
2025-07-31 18:00:00,NYSE:TGT,101.83,101.92,101.33,101.4,10950.0
2025-07-31 18:15:00,NYSE:TGT,101.41,101.43,101.11,101.155,14889.0
2025-07-31 18:30:00,NYSE:TGT,101.14,101.43,101.14,101.33,9744.0
2025-07-31 18:45:00,NYSE:TGT,101.33,101.37,101.11,101.27,7853.0
2025-07-31 19:00:00,NYSE:TGT,101.29,101.3,100.93,101.11,15090.0
2025-07-31 19:15:00,NYSE:TGT,101.11,101.26,101.04,101.24,7645.0
2025-07-31 19:30:00,NYSE:TGT,101.23,101.6,101.2,101.48,12516.0
2025-07-31 19:45:00,NYSE:TGT,101.47,101.67,101.4,101.61,10160.0
2025-07-31 20:00:00,NYSE:TGT,101.61,101.75,101.56,101.61,10343.0
2025-07-31 20:15:00,NYSE:TGT,101.6,101.67,101.02,101.13,8921.0
2025-07-31 20:30:00,NYSE:TGT,101.14,101.31,100.98,101.27,7138.0
2025-07-31 20:45:00,NYSE:TGT,101.27,101.36,100.95,101.07,11062.0
2025-07-31 21:00:00,NYSE:TGT,101.07,101.26,100.9,100.93,11175.0
2025-07-31 21:15:00,NYSE:TGT,100.91,101.31,100.77,101.31,12758.0
2025-07-31 21:30:00,NYSE:TGT,101.33,101.41,101.135,101.21,11198.0
2025-07-31 21:45:00,NYSE:TGT,101.19,101.38,101.09,101.15,11391.0
2025-07-31 22:00:00,NYSE:TGT,101.16,101.26,100.95,100.98,18716.0
2025-07-31 22:15:00,NYSE:TGT,100.98,100.98,100.64,100.82,37776.0
2025-07-31 22:30:00,NYSE:TGT,100.85,100.9,100.62,100.78,40811.0
2025-07-31 22:45:00,NYSE:TGT,100.81,100.86,100.36,100.54,75991.0
2025-07-31 23:00:00,NYSE:TGT,100.8,100.8,100.6,100.6,11.0
2025-07-31 23:15:00,NYSE:TGT,100.87,100.87,100.87,100.87,3.0
2025-07-31 23:30:00,NYSE:TGT,100.75,100.75,100.48,100.48,812.0
2025-07-31 23:45:00,NYSE:TGT,100.51,100.51,100.48,100.48,309.0
2025-08-01 00:15:00,NYSE:TGT,100.49,100.49,100.45,100.45,94.0
2025-08-01 00:30:00,NYSE:TGT,100.6,100.6,100.6,100.6,1.0
2025-08-01 00:45:00,NYSE:TGT,100.51,100.51,100.4,100.4,189.0
2025-08-01 01:15:00,NYSE:TGT,100.53,100.53,100.53,100.53,10.0
2025-08-01 01:30:00,NYSE:TGT,100.6,100.6,100.46,100.46,76.0
2025-08-01 01:45:00,NYSE:TGT,100.46,100.5,100.46,100.5,10.0
2025-08-01 02:00:00,NYSE:TGT,100.51,100.51,100.5,100.5,141.0
2025-08-01 02:15:00,NYSE:TGT,100.46,100.5,100.46,100.5,10.0
2025-08-01 02:30:00,NYSE:TGT,100.46,100.46,100.44,100.45,28.0
2025-08-01 02:45:00,NYSE:TGT,100.55,100.55,100.55,100.55,41.0
